city,province,region ,population,population_grwth_prct,highly_urbanized
CITY OF MANILA,NA,NATIONAL CAPITAL REGION (NCR),1846513,1.12,1
CITY OF MANDALUYONG,NA,NATIONAL CAPITAL REGION (NCR),425758,2.62,1
CITY OF MARIKINA,NA,NATIONAL CAPITAL REGION (NCR),456059,0.73,1
CITY OF PASIG,NA,NATIONAL CAPITAL REGION (NCR),803159,1.83,1
QUEZON CITY,NA,NATIONAL CAPITAL REGION (NCR),2960048,0.7,1
CITY OF SAN JUAN,NA,NATIONAL CAPITAL REGION (NCR),126347,0.4,1
CITY OF CALOOCAN,NA,NATIONAL CAPITAL REGION (NCR),1661584,1.1,1
CITY OF MALABON,NA,NATIONAL CAPITAL REGION (NCR),380522,0.74,1
CITY OF NAVOTAS,NA,NATIONAL CAPITAL REGION (NCR),247543,-0.06,1
CITY OF VALENZUELA,NA,NATIONAL CAPITAL REGION (NCR),714978,2.19,1
CITY OF LAS PIÑAS,NA,NATIONAL CAPITAL REGION (NCR),606293,0.93,1
CITY OF MAKATI,NA,NATIONAL CAPITAL REGION (NCR),629616,1.75,1
CITY OF MUNTINLUPA,NA,NATIONAL CAPITAL REGION (NCR),543445,1.68,1
CITY OF PARAÑAQUE,NA,NATIONAL CAPITAL REGION (NCR),689992,1.61,1
PASAY CITY,NA,NATIONAL CAPITAL REGION (NCR),440656,1.15,1
PATEROS,NA,NATIONAL CAPITAL REGION (NCR),65227,0.17,1
TAGUIG CITY,NA,NATIONAL CAPITAL REGION (NCR),886722,3.24,1
BANGUED ,ABRA,Cordillera Administrative Region (CAR),50382,1.38,0
BOLINEY,ABRA,Cordillera Administrative Region (CAR),4551,1.14,0
BUCAY,ABRA,Cordillera Administrative Region (CAR),17953,0.47,0
BUCLOC,ABRA,Cordillera Administrative Region (CAR),2395,0.96,0
DAGUIOMAN,ABRA,Cordillera Administrative Region (CAR),2019,1.64,0
DANGLAS,ABRA,Cordillera Administrative Region (CAR),4074,-1.49,0
DOLORES,ABRA,Cordillera Administrative Region (CAR),11512,0.01,0
LA PAZ,ABRA,Cordillera Administrative Region (CAR),16493,1.03,0
LACUB,ABRA,Cordillera Administrative Region (CAR),3612,1.95,0
LAGANGILANG,ABRA,Cordillera Administrative Region (CAR),14914,0.76,0
LAGAYAN,ABRA,Cordillera Administrative Region (CAR),4488,0.02,0
LANGIDEN,ABRA,Cordillera Administrative Region (CAR),3576,1.21,0
LICUAN-BAAY (LICUAN),ABRA,Cordillera Administrative Region (CAR),4566,-0.63,0
LUBA,ABRA,Cordillera Administrative Region (CAR),6518,0.2,0
MALIBCONG,ABRA,Cordillera Administrative Region (CAR),4027,0.56,0
MANABO,ABRA,Cordillera Administrative Region (CAR),11611,0.77,0
PEÑARRUBIA,ABRA,Cordillera Administrative Region (CAR),6951,0.6,0
PIDIGAN,ABRA,Cordillera Administrative Region (CAR),12475,0.79,0
PILAR,ABRA,Cordillera Administrative Region (CAR),10146,0.24,0
SALLAPADAN,ABRA,Cordillera Administrative Region (CAR),6389,0.65,0
SAN ISIDRO,ABRA,Cordillera Administrative Region (CAR),4745,-0.3,0
SAN JUAN,ABRA,Cordillera Administrative Region (CAR),10688,0.13,0
SAN QUINTIN,ABRA,Cordillera Administrative Region (CAR),5705,0.87,0
TAYUM,ABRA,Cordillera Administrative Region (CAR),14869,0.65,0
TINEG,ABRA,Cordillera Administrative Region (CAR),4977,0.64,0
TUBO,ABRA,Cordillera Administrative Region (CAR),5674,-0.08,0
VILLAVICIOSA,ABRA,Cordillera Administrative Region (CAR),5675,0.54,0
CALANASAN (BAYAG),APAYAO,Cordillera Administrative Region (CAR),12550,0.82,0
CONNER,APAYAO,Cordillera Administrative Region (CAR),27552,1.05,0
FLORA,APAYAO,Cordillera Administrative Region (CAR),17944,0.69,0
KABUGAO ,APAYAO,Cordillera Administrative Region (CAR),16215,0.03,0
LUNA,APAYAO,Cordillera Administrative Region (CAR),21297,1.68,0
PUDTOL,APAYAO,Cordillera Administrative Region (CAR),15491,1.53,0
SANTA MARCELA,APAYAO,Cordillera Administrative Region (CAR),13317,1.04,0
ATOK,BENGUET,Cordillera Administrative Region (CAR),19218,-0.01,0
BAKUN,BENGUET,Cordillera Administrative Region (CAR),14535,0.68,0
BOKOD,BENGUET,Cordillera Administrative Region (CAR),14435,1.33,0
BUGUIAS,BENGUET,Cordillera Administrative Region (CAR),44877,1.34,0
ITOGON,BENGUET,Cordillera Administrative Region (CAR),61498,0.95,0
KABAYAN,BENGUET,Cordillera Administrative Region (CAR),15806,1.52,0
KAPANGAN,BENGUET,Cordillera Administrative Region (CAR),19297,-0.4,0
KIBUNGAN,BENGUET,Cordillera Administrative Region (CAR),17051,0.12,0
LA TRINIDAD (Capital),BENGUET,Cordillera Administrative Region (CAR),137404,2.51,0
MANKAYAN,BENGUET,Cordillera Administrative Region (CAR),37233,0.45,0
SABLAN,BENGUET,Cordillera Administrative Region (CAR),11588,0.98,0
TUBA,BENGUET,Cordillera Administrative Region (CAR),48312,1.2,0
TUBLAY,BENGUET,Cordillera Administrative Region (CAR),19429,1.61,0
CITY OF BAGUIO,NA,Cordillera Administrative Region (CAR),366358,1.4,1
BANAUE,IFUGAO,Cordillera Administrative Region (CAR),20652,-0.79,0
HUNGDUAN,IFUGAO,Cordillera Administrative Region (CAR),8866,-1.13,0
KIANGAN,IFUGAO,Cordillera Administrative Region (CAR),17691,1.11,0
LAGAWE (Capital),IFUGAO,Cordillera Administrative Region (CAR),18876,0.43,0
LAMUT,IFUGAO,Cordillera Administrative Region (CAR),26235,1.28,0
MAYOYAO,IFUGAO,Cordillera Administrative Region (CAR),15621,-0.49,0
ALFONSO LISTA (POTIA),IFUGAO,Cordillera Administrative Region (CAR),34061,1.83,0
AGUINALDO,IFUGAO,Cordillera Administrative Region (CAR),21128,1.28,0
HINGYON,IFUGAO,Cordillera Administrative Region (CAR),9930,0.14,0
TINOC,IFUGAO,Cordillera Administrative Region (CAR),18475,2.7,0
ASIPULO,IFUGAO,Cordillera Administrative Region (CAR),15963,1.03,0
BALBALAN,KALINGA,Cordillera Administrative Region (CAR),12914,0.67,0
LUBUAGAN,KALINGA,Cordillera Administrative Region (CAR),9323,-0.05,0
PASIL,KALINGA,Cordillera Administrative Region (CAR),10577,0.95,0
PINUKPUK,KALINGA,Cordillera Administrative Region (CAR),34275,1.48,0
RIZAL (LIWAN),KALINGA,Cordillera Administrative Region (CAR),19554,2.06,0
CITY OF TABUK (Capital),KALINGA,Cordillera Administrative Region (CAR),121033,1.54,0
TANUDAN,KALINGA,Cordillera Administrative Region (CAR),8746,0.25,0
TINGLAYAN,KALINGA,Cordillera Administrative Region (CAR),13148,0.46,0
BARLIG,MOUNTAIN PROVINCE,Cordillera Administrative Region (CAR),4796,-1.95,0
BAUKO,MOUNTAIN PROVINCE,Cordillera Administrative Region (CAR),32021,0.6,0
BESAO,MOUNTAIN PROVINCE,Cordillera Administrative Region (CAR),6873,-1.28,0
BONTOC (Capital),MOUNTAIN PROVINCE,Cordillera Administrative Region (CAR),24104,0.05,0
NATONIN,MOUNTAIN PROVINCE,Cordillera Administrative Region (CAR),10339,0.29,0
PARACELIS,MOUNTAIN PROVINCE,Cordillera Administrative Region (CAR),31168,1.64,0
SABANGAN,MOUNTAIN PROVINCE,Cordillera Administrative Region (CAR),9621,0.96,0
SADANGA,MOUNTAIN PROVINCE,Cordillera Administrative Region (CAR),8427,-0.85,0
SAGADA,MOUNTAIN PROVINCE,Cordillera Administrative Region (CAR),11510,0.23,0
TADIAN,MOUNTAIN PROVINCE,Cordillera Administrative Region (CAR),19341,-0.67,0
ADAMS,ILOCOS NORTE,REGION I (ILOCOS REGION),2189,2.06,0
BACARRA,ILOCOS NORTE,REGION I (ILOCOS REGION),33496,0.57,0
BADOC,ILOCOS NORTE,REGION I (ILOCOS REGION),32530,0.58,0
BANGUI,ILOCOS NORTE,REGION I (ILOCOS REGION),15019,0.54,0
CITY OF BATAC,ILOCOS NORTE,REGION I (ILOCOS REGION),55484,0.36,0
BURGOS,ILOCOS NORTE,REGION I (ILOCOS REGION),10759,1.05,0
CARASI,ILOCOS NORTE,REGION I (ILOCOS REGION),1607,0.87,0
CURRIMAO,ILOCOS NORTE,REGION I (ILOCOS REGION),12215,0.2,0
DINGRAS,ILOCOS NORTE,REGION I (ILOCOS REGION),40127,0.81,0
DUMALNEG,ILOCOS NORTE,REGION I (ILOCOS REGION),3087,1.68,0
BANNA (ESPIRITU),ILOCOS NORTE,REGION I (ILOCOS REGION),19297,0.13,0
CITY OF LAOAG ,ILOCOS NORTE,REGION I (ILOCOS REGION),111651,0.62,0
MARCOS,ILOCOS NORTE,REGION I (ILOCOS REGION),18010,0.59,0
NUEVA ERA,ILOCOS NORTE,REGION I (ILOCOS REGION),11968,4.32,0
PAGUDPUD,ILOCOS NORTE,REGION I (ILOCOS REGION),25098,1.38,0
PAOAY,ILOCOS NORTE,REGION I (ILOCOS REGION),25001,0.43,0
PASUQUIN,ILOCOS NORTE,REGION I (ILOCOS REGION),29678,0.6,0
PIDDIG,ILOCOS NORTE,REGION I (ILOCOS REGION),22475,0.87,0
PINILI,ILOCOS NORTE,REGION I (ILOCOS REGION),17626,0.52,0
SAN NICOLAS,ILOCOS NORTE,REGION I (ILOCOS REGION),38895,1.28,0
SARRAT,ILOCOS NORTE,REGION I (ILOCOS REGION),25186,0.17,0
SOLSONA,ILOCOS NORTE,REGION I (ILOCOS REGION),24851,0.78,0
VINTAR,ILOCOS NORTE,REGION I (ILOCOS REGION),33339,0.59,0
ALILEM,ILOCOS SUR,REGION I (ILOCOS REGION),7361,1.04,0
BANAYOYO,ILOCOS SUR,REGION I (ILOCOS REGION),7931,0.3,0
BANTAY,ILOCOS SUR,REGION I (ILOCOS REGION),37118,0.79,0
BURGOS,ILOCOS SUR,REGION I (ILOCOS REGION),12793,0.91,0
CABUGAO,ILOCOS SUR,REGION I (ILOCOS REGION),38884,0.86,0
CITY OF CANDON,ILOCOS SUR,REGION I (ILOCOS REGION),61432,0.6,0
CAOAYAN,ILOCOS SUR,REGION I (ILOCOS REGION),19574,0.54,0
CERVANTES,ILOCOS SUR,REGION I (ILOCOS REGION),19449,1.61,0
GALIMUYOD,ILOCOS SUR,REGION I (ILOCOS REGION),10244,0.23,0
GREGORIO DEL PILAR (CONCEPCION),ILOCOS SUR,REGION I (ILOCOS REGION),4472,0.58,0
LIDLIDDA,ILOCOS SUR,REGION I (ILOCOS REGION),4705,0.68,0
MAGSINGAL,ILOCOS SUR,REGION I (ILOCOS REGION),31308,1.01,0
NAGBUKEL,ILOCOS SUR,REGION I (ILOCOS REGION),5465,1.02,0
NARVACAN,ILOCOS SUR,REGION I (ILOCOS REGION),46234,0.77,0
QUIRINO (ANGKAKI),ILOCOS SUR,REGION I (ILOCOS REGION),9306,0.87,0
SALCEDO (BAUGEN),ILOCOS SUR,REGION I (ILOCOS REGION),11110,0.16,0
SAN EMILIO,ILOCOS SUR,REGION I (ILOCOS REGION),7206,-0.3,0
SAN ESTEBAN,ILOCOS SUR,REGION I (ILOCOS REGION),8381,0.38,0
SAN ILDEFONSO,ILOCOS SUR,REGION I (ILOCOS REGION),8190,1.47,0
SAN JUAN (LAPOG),ILOCOS SUR,REGION I (ILOCOS REGION),26674,0.57,0
SAN VICENTE,ILOCOS SUR,REGION I (ILOCOS REGION),13118,1.13,0
SANTA,ILOCOS SUR,REGION I (ILOCOS REGION),14992,-0.08,0
SANTA CATALINA,ILOCOS SUR,REGION I (ILOCOS REGION),14493,0.64,0
SANTA CRUZ,ILOCOS SUR,REGION I (ILOCOS REGION),41366,0.88,0
SANTA LUCIA,ILOCOS SUR,REGION I (ILOCOS REGION),25966,0.39,0
SANTA MARIA,ILOCOS SUR,REGION I (ILOCOS REGION),30006,0.48,0
SANTIAGO,ILOCOS SUR,REGION I (ILOCOS REGION),19471,0.81,0
SANTO DOMINGO,ILOCOS SUR,REGION I (ILOCOS REGION),29041,0.51,0
SIGAY,ILOCOS SUR,REGION I (ILOCOS REGION),2552,0.54,0
SINAIT,ILOCOS SUR,REGION I (ILOCOS REGION),25998,0.22,0
SUGPON,ILOCOS SUR,REGION I (ILOCOS REGION),4930,2.58,0
SUYO,ILOCOS SUR,REGION I (ILOCOS REGION),10766,0.13,0
TAGUDIN,ILOCOS SUR,REGION I (ILOCOS REGION),41538,0.86,0
CITY OF VIGAN ,ILOCOS SUR,REGION I (ILOCOS REGION),53935,0.81,0
AGOO,LA UNION ,REGION I (ILOCOS REGION),66028,0.86,0
ARINGAY,LA UNION ,REGION I (ILOCOS REGION),50380,1.15,0
BACNOTAN,LA UNION ,REGION I (ILOCOS REGION),44388,0.97,0
BAGULIN,LA UNION ,REGION I (ILOCOS REGION),14428,1.37,0
BALAOAN,LA UNION ,REGION I (ILOCOS REGION),40339,0.62,0
BANGAR,LA UNION ,REGION I (ILOCOS REGION),38041,0.97,0
BAUANG,LA UNION ,REGION I (ILOCOS REGION),78449,1.04,0
BURGOS,LA UNION ,REGION I (ILOCOS REGION),9006,1.38,0
CABA,LA UNION ,REGION I (ILOCOS REGION),23119,0.85,0
LUNA,LA UNION ,REGION I (ILOCOS REGION),37318,0.53,0
NAGUILIAN,LA UNION ,REGION I (ILOCOS REGION),52189,0.75,0
PUGO,LA UNION ,REGION I (ILOCOS REGION),19337,1.59,0
ROSARIO,LA UNION ,REGION I (ILOCOS REGION),60278,1.36,0
CITY OF SAN FERNANDO ,LA UNION ,REGION I (ILOCOS REGION),125640,0.89,0
SAN GABRIEL,LA UNION ,REGION I (ILOCOS REGION),18943,1.31,0
SAN JUAN,LA UNION ,REGION I (ILOCOS REGION),40507,1.44,0
SANTO TOMAS,LA UNION ,REGION I (ILOCOS REGION),40846,1.27,0
SANTOL,LA UNION ,REGION I (ILOCOS REGION),14166,1.67,0
SUDIPEN,LA UNION ,REGION I (ILOCOS REGION),17187,0.39,0
TUBAO,LA UNION ,REGION I (ILOCOS REGION),31763,1.64,0
AGNO,PANGASINAN,REGION I (ILOCOS REGION),29947,0.85,0
AGUILAR,PANGASINAN,REGION I (ILOCOS REGION),45100,1.33,0
CITY OF ALAMINOS,PANGASINAN,REGION I (ILOCOS REGION),99397,1.57,0
ALCALA,PANGASINAN,REGION I (ILOCOS REGION),48908,1.76,0
ANDA,PANGASINAN,REGION I (ILOCOS REGION),41548,1.16,0
ASINGAN,PANGASINAN,REGION I (ILOCOS REGION),57811,0.26,0
BALUNGAO,PANGASINAN,REGION I (ILOCOS REGION),30004,1.18,0
BANI,PANGASINAN,REGION I (ILOCOS REGION),52603,1.4,0
BASISTA,PANGASINAN,REGION I (ILOCOS REGION),37679,2.17,0
BAUTISTA,PANGASINAN,REGION I (ILOCOS REGION),35398,1.6,0
BAYAMBANG,PANGASINAN,REGION I (ILOCOS REGION),129011,1.47,0
BINALONAN,PANGASINAN,REGION I (ILOCOS REGION),56382,0.65,0
BINMALEY,PANGASINAN,REGION I (ILOCOS REGION),86881,0.99,0
BOLINAO,PANGASINAN,REGION I (ILOCOS REGION),83979,1.2,0
BUGALLON,PANGASINAN,REGION I (ILOCOS REGION),74962,1.55,0
BURGOS,PANGASINAN,REGION I (ILOCOS REGION),23749,2.63,0
CALASIAO,PANGASINAN,REGION I (ILOCOS REGION),100471,0.98,0
CITY OF DAGUPAN,PANGASINAN,REGION I (ILOCOS REGION),174302,0.63,0
DASOL,PANGASINAN,REGION I (ILOCOS REGION),31355,1.51,0
INFANTA,PANGASINAN,REGION I (ILOCOS REGION),26242,1.13,0
LABRADOR,PANGASINAN,REGION I (ILOCOS REGION),26811,2.4,0
LINGAYEN ,PANGASINAN,REGION I (ILOCOS REGION),107728,0.87,0
MABINI,PANGASINAN,REGION I (ILOCOS REGION),26454,0.97,0
MALASIQUI,PANGASINAN,REGION I (ILOCOS REGION),143094,1.48,0
MANAOAG,PANGASINAN,REGION I (ILOCOS REGION),76045,1.65,0
MANGALDAN,PANGASINAN,REGION I (ILOCOS REGION),113185,1.36,0
MANGATAREM,PANGASINAN,REGION I (ILOCOS REGION),79323,1.26,0
MAPANDAN,PANGASINAN,REGION I (ILOCOS REGION),38058,1,0
NATIVIDAD,PANGASINAN,REGION I (ILOCOS REGION),25771,1.27,0
POZORRUBIO,PANGASINAN,REGION I (ILOCOS REGION),74729,1.23,0
ROSALES,PANGASINAN,REGION I (ILOCOS REGION),66711,1.12,0
CITY OF SAN CARLOS,PANGASINAN,REGION I (ILOCOS REGION),205424,1.61,0
SAN FABIAN,PANGASINAN,REGION I (ILOCOS REGION),87428,1.16,0
SAN JACINTO,PANGASINAN,REGION I (ILOCOS REGION),44351,1.63,0
SAN MANUEL,PANGASINAN,REGION I (ILOCOS REGION),54271,1.47,0
SAN NICOLAS,PANGASINAN,REGION I (ILOCOS REGION),39778,1.55,0
SAN QUINTIN,PANGASINAN,REGION I (ILOCOS REGION),33980,0.41,0
SANTA BARBARA,PANGASINAN,REGION I (ILOCOS REGION),92187,1.86,0
SANTA MARIA,PANGASINAN,REGION I (ILOCOS REGION),34220,0.96,0
SANTO TOMAS,PANGASINAN,REGION I (ILOCOS REGION),14878,0.32,0
SISON,PANGASINAN,REGION I (ILOCOS REGION),52320,1.75,0
SUAL,PANGASINAN,REGION I (ILOCOS REGION),39091,2.27,0
TAYUG,PANGASINAN,REGION I (ILOCOS REGION),45241,1.23,0
UMINGAN,PANGASINAN,REGION I (ILOCOS REGION),77074,1.33,0
URBIZTONDO,PANGASINAN,REGION I (ILOCOS REGION),55557,1.51,0
CITY OF URDANETA,PANGASINAN,REGION I (ILOCOS REGION),144577,1.43,0
VILLASIS,PANGASINAN,REGION I (ILOCOS REGION),65047,0.96,0
LAOAC,PANGASINAN,REGION I (ILOCOS REGION),34128,1.48,0
BASCO ,BATANES,REGION II (CAGAYAN VALLEY),9517,1.87,0
ITBAYAT,BATANES,REGION II (CAGAYAN VALLEY),3128,0.46,0
IVANA,BATANES,REGION II (CAGAYAN VALLEY),1407,1.2,0
MAHATAO,BATANES,REGION II (CAGAYAN VALLEY),1703,0.73,0
SABTANG,BATANES,REGION II (CAGAYAN VALLEY),1696,0.35,0
UYUGAN,BATANES,REGION II (CAGAYAN VALLEY),1380,1.07,0
ABULUG,CAGAYAN,REGION II (CAGAYAN VALLEY),34579,1.2,0
ALCALA,CAGAYAN,REGION II (CAGAYAN VALLEY),41295,0.89,0
ALLACAPAN,CAGAYAN,REGION II (CAGAYAN VALLEY),35234,1.07,0
AMULUNG,CAGAYAN,REGION II (CAGAYAN VALLEY),50336,1.09,0
APARRI,CAGAYAN,REGION II (CAGAYAN VALLEY),68839,1.18,0
BAGGAO,CAGAYAN,REGION II (CAGAYAN VALLEY),87753,1.16,0
BALLESTEROS,CAGAYAN,REGION II (CAGAYAN VALLEY),34488,0.68,0
BUGUEY,CAGAYAN,REGION II (CAGAYAN VALLEY),32148,1.23,0
CALAYAN,CAGAYAN,REGION II (CAGAYAN VALLEY),17410,0.72,0
CAMALANIUGAN,CAGAYAN,REGION II (CAGAYAN VALLEY),25236,0.76,0
CLAVERIA,CAGAYAN,REGION II (CAGAYAN VALLEY),31900,0.46,0
ENRILE,CAGAYAN,REGION II (CAGAYAN VALLEY),36705,1.21,0
GATTARAN,CAGAYAN,REGION II (CAGAYAN VALLEY),58874,0.71,0
GONZAGA,CAGAYAN,REGION II (CAGAYAN VALLEY),41680,1.39,0
IGUIG,CAGAYAN,REGION II (CAGAYAN VALLEY),30060,1.63,0
LAL-LO,CAGAYAN,REGION II (CAGAYAN VALLEY),48733,1.65,0
LASAM,CAGAYAN,REGION II (CAGAYAN VALLEY),41225,1.09,0
PAMPLONA,CAGAYAN,REGION II (CAGAYAN VALLEY),24781,0.65,0
PEÑABLANCA,CAGAYAN,REGION II (CAGAYAN VALLEY),50300,1.64,0
PIAT,CAGAYAN,REGION II (CAGAYAN VALLEY),24805,0.77,0
RIZAL,CAGAYAN,REGION II (CAGAYAN VALLEY),19077,0.26,0
SANCHEZ-MIRA,CAGAYAN,REGION II (CAGAYAN VALLEY),26164,1.18,0
SANTA ANA,CAGAYAN,REGION II (CAGAYAN VALLEY),35688,1.6,0
SANTA PRAXEDES,CAGAYAN,REGION II (CAGAYAN VALLEY),4434,1.97,0
SANTA TERESITA,CAGAYAN,REGION II (CAGAYAN VALLEY),19573,1.07,0
SANTO NIÑO (FAIRE),CAGAYAN,REGION II (CAGAYAN VALLEY),28537,0.89,0
SOLANA,CAGAYAN,REGION II (CAGAYAN VALLEY),88445,1.45,0
TUAO,CAGAYAN,REGION II (CAGAYAN VALLEY),63970,1.05,0
TUGUEGARAO CITY ,CAGAYAN,REGION II (CAGAYAN VALLEY),166334,1.82,0
ALICIA,ISABELA,REGION II (CAGAYAN VALLEY),73874,1.34,0
ANGADANAN,ISABELA,REGION II (CAGAYAN VALLEY),44977,1.14,0
AURORA,ISABELA,REGION II (CAGAYAN VALLEY),36621,1.03,0
BENITO SOLIVEN,ISABELA,REGION II (CAGAYAN VALLEY),29752,0.85,0
BURGOS,ISABELA,REGION II (CAGAYAN VALLEY),26040,1.46,0
CABAGAN,ISABELA,REGION II (CAGAYAN VALLEY),53897,1.65,0
CABATUAN,ISABELA,REGION II (CAGAYAN VALLEY),39990,0.7,0
CITY OF CAUAYAN,ISABELA,REGION II (CAGAYAN VALLEY),143403,1.6,0
CORDON,ISABELA,REGION II (CAGAYAN VALLEY),46477,1.29,0
DINAPIGUE,ISABELA,REGION II (CAGAYAN VALLEY),5821,0.6,0
DIVILACAN,ISABELA,REGION II (CAGAYAN VALLEY),5827,1.47,0
ECHAGUE,ISABELA,REGION II (CAGAYAN VALLEY),88410,1.7,0
GAMU,ISABELA,REGION II (CAGAYAN VALLEY),30655,0.68,0
CITY OF ILAGAN ,ISABELA,REGION II (CAGAYAN VALLEY),158218,1.59,0
JONES,ISABELA,REGION II (CAGAYAN VALLEY),45628,0.31,0
LUNA,ISABELA,REGION II (CAGAYAN VALLEY),20697,1.35,0
MACONACON,ISABELA,REGION II (CAGAYAN VALLEY),3977,0.96,0
DELFIN ALBANO (MAGSAYSAY),ISABELA,REGION II (CAGAYAN VALLEY),29928,1.64,0
MALLIG,ISABELA,REGION II (CAGAYAN VALLEY),32208,1.28,0
NAGUILIAN,ISABELA,REGION II (CAGAYAN VALLEY),33788,1.37,0
PALANAN,ISABELA,REGION II (CAGAYAN VALLEY),17684,0.95,0
QUEZON,ISABELA,REGION II (CAGAYAN VALLEY),27037,0.98,0
QUIRINO,ISABELA,REGION II (CAGAYAN VALLEY),25023,1.16,0
RAMON,ISABELA,REGION II (CAGAYAN VALLEY),56523,1.27,0
REINA MERCEDES,ISABELA,REGION II (CAGAYAN VALLEY),27900,1.73,0
ROXAS,ISABELA,REGION II (CAGAYAN VALLEY),65839,1.33,0
SAN AGUSTIN,ISABELA,REGION II (CAGAYAN VALLEY),22096,0.14,0
SAN GUILLERMO,ISABELA,REGION II (CAGAYAN VALLEY),20915,1.28,0
SAN ISIDRO,ISABELA,REGION II (CAGAYAN VALLEY),27044,1.74,0
SAN MANUEL,ISABELA,REGION II (CAGAYAN VALLEY),34085,1.15,0
SAN MARIANO,ISABELA,REGION II (CAGAYAN VALLEY),60124,1.57,0
SAN MATEO,ISABELA,REGION II (CAGAYAN VALLEY),66663,0.93,0
SAN PABLO,ISABELA,REGION II (CAGAYAN VALLEY),26320,1.79,0
SANTA MARIA,ISABELA,REGION II (CAGAYAN VALLEY),25758,1.16,0
CITY OF SANTIAGO,ISABELA,REGION II (CAGAYAN VALLEY),148580,1.13,0
SANTO TOMAS,ISABELA,REGION II (CAGAYAN VALLEY),24528,1.24,0
TUMAUINI,ISABELA,REGION II (CAGAYAN VALLEY),70743,1.92,0
AMBAGUIO,NUEVA VIZCAYA,REGION II (CAGAYAN VALLEY),15472,1.41,0
ARITAO,NUEVA VIZCAYA,REGION II (CAGAYAN VALLEY),42197,1.29,0
BAGABAG,NUEVA VIZCAYA,REGION II (CAGAYAN VALLEY),37985,0.69,0
BAMBANG,NUEVA VIZCAYA,REGION II (CAGAYAN VALLEY),55789,1.59,0
BAYOMBONG ,NUEVA VIZCAYA,REGION II (CAGAYAN VALLEY),67714,1.66,0
DIADI,NUEVA VIZCAYA,REGION II (CAGAYAN VALLEY),19236,1.55,0
DUPAX DEL NORTE,NUEVA VIZCAYA,REGION II (CAGAYAN VALLEY),33295,2.62,0
DUPAX DEL SUR,NUEVA VIZCAYA,REGION II (CAGAYAN VALLEY),21224,1.58,0
KASIBU,NUEVA VIZCAYA,REGION II (CAGAYAN VALLEY),41776,2.27,0
KAYAPA,NUEVA VIZCAYA,REGION II (CAGAYAN VALLEY),26469,2.12,0
QUEZON,NUEVA VIZCAYA,REGION II (CAGAYAN VALLEY),24055,2.18,0
SANTA FE,NUEVA VIZCAYA,REGION II (CAGAYAN VALLEY),18276,2.39,0
SOLANO,NUEVA VIZCAYA,REGION II (CAGAYAN VALLEY),65287,1.52,0
VILLAVERDE,NUEVA VIZCAYA,REGION II (CAGAYAN VALLEY),20118,1.28,0
ALFONSO CASTANEDA,NUEVA VIZCAYA,REGION II (CAGAYAN VALLEY),8539,1.4,0
AGLIPAY,QUIRINO,REGION II (CAGAYAN VALLEY),27787,1.61,0
CABARROGUIS ,QUIRINO,REGION II (CAGAYAN VALLEY),30582,1.32,0
DIFFUN,QUIRINO,REGION II (CAGAYAN VALLEY),52569,1.47,0
MADDELA,QUIRINO,REGION II (CAGAYAN VALLEY),38499,1.4,0
SAGUDAY,QUIRINO,REGION II (CAGAYAN VALLEY),16070,1.62,0
NAGTIPUNAN,QUIRINO,REGION II (CAGAYAN VALLEY),23484,1.23,0
BALER ,AURORA,REGION III (CENTRAL LUZON),43785,1.97,0
CASIGURAN,AURORA,REGION III (CENTRAL LUZON),26564,1.08,0
DILASAG,AURORA,REGION III (CENTRAL LUZON),17102,0.87,0
DINALUNGAN,AURORA,REGION III (CENTRAL LUZON),12508,1.3,0
DINGALAN,AURORA,REGION III (CENTRAL LUZON),27878,1.7,0
DIPACULAO,AURORA,REGION III (CENTRAL LUZON),33131,1.79,0
MARIA AURORA,AURORA,REGION III (CENTRAL LUZON),44958,1.66,0
SAN LUIS,AURORA,REGION III (CENTRAL LUZON),29824,1.67,0
ABUCAY,BATAAN,REGION III (CENTRAL LUZON),42984,1.31,0
BAGAC,BATAAN,REGION III (CENTRAL LUZON),31365,2.06,0
CITY OF BALANGA ,BATAAN,REGION III (CENTRAL LUZON),104173,1.71,0
DINALUPIHAN,BATAAN,REGION III (CENTRAL LUZON),118209,1.97,0
HERMOSA,BATAAN,REGION III (CENTRAL LUZON),77443,3.11,0
LIMAY,BATAAN,REGION III (CENTRAL LUZON),78272,3.18,0
MARIVELES,BATAAN,REGION III (CENTRAL LUZON),149879,2.89,0
MORONG,BATAAN,REGION III (CENTRAL LUZON),35394,3.06,0
ORANI,BATAAN,REGION III (CENTRAL LUZON),70342,1.42,0
ORION,BATAAN,REGION III (CENTRAL LUZON),60771,1.68,0
PILAR,BATAAN,REGION III (CENTRAL LUZON),46239,1.51,0
SAMAL,BATAAN,REGION III (CENTRAL LUZON),38302,1.32,0
ANGAT,BULACAN,REGION III (CENTRAL LUZON),65617,1.72,0
BALAGTAS (BIGAA),BULACAN,REGION III (CENTRAL LUZON),77018,1.64,0
BALIUAG,BULACAN,REGION III (CENTRAL LUZON),168470,1.61,0
BOCAUE,BULACAN,REGION III (CENTRAL LUZON),141412,2.88,0
BULACAN,BULACAN,REGION III (CENTRAL LUZON),81232,1.25,0
BUSTOS,BULACAN,REGION III (CENTRAL LUZON),77199,2.15,0
CALUMPIT,BULACAN,REGION III (CENTRAL LUZON),118471,1.6,0
GUIGUINTO,BULACAN,REGION III (CENTRAL LUZON),113415,2.28,0
HAGONOY,BULACAN,REGION III (CENTRAL LUZON),133448,0.6,0
CITY OF MALOLOS ,BULACAN,REGION III (CENTRAL LUZON),261189,1.06,0
MARILAO,BULACAN,REGION III (CENTRAL LUZON),254453,3.2,0
CITY OF MEYCAUAYAN,BULACAN,REGION III (CENTRAL LUZON),225673,1.26,0
NORZAGARAY,BULACAN,REGION III (CENTRAL LUZON),136064,2.81,0
OBANDO,BULACAN,REGION III (CENTRAL LUZON),59978,0.33,0
PANDI,BULACAN,REGION III (CENTRAL LUZON),155115,8.81,0
PAOMBONG,BULACAN,REGION III (CENTRAL LUZON),55696,0.9,0
PLARIDEL,BULACAN,REGION III (CENTRAL LUZON),114432,1.21,0
PULILAN,BULACAN,REGION III (CENTRAL LUZON),108836,2.4,0
SAN ILDEFONSO,BULACAN,REGION III (CENTRAL LUZON),115713,1.99,0
CITY OF SAN JOSE DEL MONTE,BULACAN,REGION III (CENTRAL LUZON),651813,3.67,0
SAN MIGUEL,BULACAN,REGION III (CENTRAL LUZON),172073,1.88,0
SAN RAFAEL,BULACAN,REGION III (CENTRAL LUZON),103097,1.84,0
SANTA MARIA,BULACAN,REGION III (CENTRAL LUZON),289820,2.87,0
DOÑA REMEDIOS TRINIDAD,BULACAN,REGION III (CENTRAL LUZON),28656,3.72,0
ALIAGA,NUEVA ECIJA,REGION III (CENTRAL LUZON),70363,1.98,0
BONGABON,NUEVA ECIJA,REGION III (CENTRAL LUZON),66839,1.2,0
CITY OF CABANATUAN,NUEVA ECIJA,REGION III (CENTRAL LUZON),327325,1.84,0
CABIAO,NUEVA ECIJA,REGION III (CENTRAL LUZON),85862,1.76,0
CARRANGLAN,NUEVA ECIJA,REGION III (CENTRAL LUZON),42420,1.34,0
CUYAPO,NUEVA ECIJA,REGION III (CENTRAL LUZON),68066,1.37,0
GABALDON (BITULOK & SABANI),NUEVA ECIJA,REGION III (CENTRAL LUZON),38958,1.91,0
CITY OF GAPAN,NUEVA ECIJA,REGION III (CENTRAL LUZON),122968,1.94,0
GENERAL MAMERTO NATIVIDAD,NUEVA ECIJA,REGION III (CENTRAL LUZON),44311,1.9,0
GENERAL TINIO (PAPAYA),NUEVA ECIJA,REGION III (CENTRAL LUZON),55925,2.75,0
GUIMBA,NUEVA ECIJA,REGION III (CENTRAL LUZON),127653,1.98,0
JAEN,NUEVA ECIJA,REGION III (CENTRAL LUZON),79189,1.68,0
LAUR,NUEVA ECIJA,REGION III (CENTRAL LUZON),38263,1.74,0
LICAB,NUEVA ECIJA,REGION III (CENTRAL LUZON),29269,1.12,0
LLANERA,NUEVA ECIJA,REGION III (CENTRAL LUZON),42281,1.56,0
LUPAO,NUEVA ECIJA,REGION III (CENTRAL LUZON),45917,1.16,0
SCIENCE CITY OF MUÑOZ,NUEVA ECIJA,REGION III (CENTRAL LUZON),84308,1.11,0
NAMPICUAN,NUEVA ECIJA,REGION III (CENTRAL LUZON),14471,0.84,0
CITY OF PALAYAN ,NUEVA ECIJA,REGION III (CENTRAL LUZON),45383,2,0
PANTABANGAN,NUEVA ECIJA,REGION III (CENTRAL LUZON),31763,1.5,0
PEÑARANDA,NUEVA ECIJA,REGION III (CENTRAL LUZON),32269,1.64,0
QUEZON,NUEVA ECIJA,REGION III (CENTRAL LUZON),41845,1.33,0
RIZAL,NUEVA ECIJA,REGION III (CENTRAL LUZON),70196,2.08,0
SAN ANTONIO,NUEVA ECIJA,REGION III (CENTRAL LUZON),83060,1.29,0
SAN ISIDRO,NUEVA ECIJA,REGION III (CENTRAL LUZON),54372,1.3,0
SAN JOSE CITY,NUEVA ECIJA,REGION III (CENTRAL LUZON),150917,1.55,0
SAN LEONARDO,NUEVA ECIJA,REGION III (CENTRAL LUZON),68536,1.66,0
SANTA ROSA,NUEVA ECIJA,REGION III (CENTRAL LUZON),75649,1.61,0
SANTO DOMINGO,NUEVA ECIJA,REGION III (CENTRAL LUZON),61092,1.82,0
TALAVERA,NUEVA ECIJA,REGION III (CENTRAL LUZON),132338,1.63,0
TALUGTUG,NUEVA ECIJA,REGION III (CENTRAL LUZON),25236,1.71,0
ZARAGOZA,NUEVA ECIJA,REGION III (CENTRAL LUZON),53090,1.87,0
APALIT,PAMPANGA ,REGION III (CENTRAL LUZON),117160,1.44,0
ARAYAT,PAMPANGA ,REGION III (CENTRAL LUZON),144875,1.79,0
BACOLOR,PAMPANGA ,REGION III (CENTRAL LUZON),48066,4.31,0
CANDABA,PAMPANGA ,REGION III (CENTRAL LUZON),119497,1.55,0
FLORIDABLANCA,PAMPANGA ,REGION III (CENTRAL LUZON),135542,2.03,0
GUAGUA,PAMPANGA ,REGION III (CENTRAL LUZON),128893,1.49,0
LUBAO,PAMPANGA ,REGION III (CENTRAL LUZON),173502,1.41,0
MABALACAT CITY,PAMPANGA ,REGION III (CENTRAL LUZON),293244,3.12,0
MACABEBE,PAMPANGA ,REGION III (CENTRAL LUZON),78151,1,0
MAGALANG,PAMPANGA ,REGION III (CENTRAL LUZON),124188,1.83,0
MASANTOL,PAMPANGA ,REGION III (CENTRAL LUZON),57990,1.02,0
MEXICO,PAMPANGA ,REGION III (CENTRAL LUZON),173403,1.67,0
MINALIN,PAMPANGA ,REGION III (CENTRAL LUZON),48380,0.95,0
PORAC,PAMPANGA ,REGION III (CENTRAL LUZON),140751,2.36,0
CITY OF SAN FERNANDO ,PAMPANGA ,REGION III (CENTRAL LUZON),354666,2.18,0
SAN LUIS,PAMPANGA ,REGION III (CENTRAL LUZON),58551,1.73,0
SAN SIMON,PAMPANGA ,REGION III (CENTRAL LUZON),59182,2.04,0
SANTA ANA,PAMPANGA ,REGION III (CENTRAL LUZON),61537,1.7,0
SANTA RITA,PAMPANGA ,REGION III (CENTRAL LUZON),48209,2.2,0
SANTO TOMAS,PAMPANGA ,REGION III (CENTRAL LUZON),42846,1.19,0
SASMUAN (Sexmoan),PAMPANGA ,REGION III (CENTRAL LUZON),29076,0.65,0
CITY OF ANGELES,NA,REGION III (CENTRAL LUZON),462928,3.56,1
ANAO,TARLAC,REGION III (CENTRAL LUZON),12208,1.16,0
BAMBAN,TARLAC,REGION III (CENTRAL LUZON),78260,2.29,0
CAMILING,TARLAC,REGION III (CENTRAL LUZON),87319,0.85,0
CAPAS,TARLAC,REGION III (CENTRAL LUZON),156056,2.17,0
CONCEPCION,TARLAC,REGION III (CENTRAL LUZON),169953,1.97,0
GERONA,TARLAC,REGION III (CENTRAL LUZON),94485,1.29,0
LA PAZ,TARLAC,REGION III (CENTRAL LUZON),68952,1.23,0
MAYANTOC,TARLAC,REGION III (CENTRAL LUZON),32597,0.84,0
MONCADA,TARLAC,REGION III (CENTRAL LUZON),62819,1.12,0
PANIQUI,TARLAC,REGION III (CENTRAL LUZON),103003,1.62,0
PURA,TARLAC,REGION III (CENTRAL LUZON),25781,1.17,0
RAMOS,TARLAC,REGION III (CENTRAL LUZON),22879,1.23,0
SAN CLEMENTE,TARLAC,REGION III (CENTRAL LUZON),13181,0.52,0
SAN MANUEL,TARLAC,REGION III (CENTRAL LUZON),28387,1.57,0
SANTA IGNACIA,TARLAC,REGION III (CENTRAL LUZON),51626,1.66,0
CITY OF TARLAC ,TARLAC,REGION III (CENTRAL LUZON),385398,1.93,0
VICTORIA,TARLAC,REGION III (CENTRAL LUZON),69370,1.46,0
SAN JOSE,TARLAC,REGION III (CENTRAL LUZON),41182,1.95,0
BOTOLAN,ZAMBALES,REGION III (CENTRAL LUZON),66739,2.06,0
CABANGAN,ZAMBALES,REGION III (CENTRAL LUZON),28118,1.99,0
CANDELARIA,ZAMBALES,REGION III (CENTRAL LUZON),30263,1.92,0
CASTILLEJOS,ZAMBALES,REGION III (CENTRAL LUZON),67889,3.34,0
IBA ,ZAMBALES,REGION III (CENTRAL LUZON),55581,1.74,0
MASINLOC,ZAMBALES,REGION III (CENTRAL LUZON),54529,2.09,0
PALAUIG,ZAMBALES,REGION III (CENTRAL LUZON),39784,1.8,0
SAN ANTONIO,ZAMBALES,REGION III (CENTRAL LUZON),37450,0.91,0
SAN FELIPE,ZAMBALES,REGION III (CENTRAL LUZON),25033,1.29,0
SAN MARCELINO,ZAMBALES,REGION III (CENTRAL LUZON),37719,1.69,0
SAN NARCISO,ZAMBALES,REGION III (CENTRAL LUZON),30759,1.32,0
SANTA CRUZ,ZAMBALES,REGION III (CENTRAL LUZON),63839,1.71,0
SUBIC,ZAMBALES,REGION III (CENTRAL LUZON),111912,2.23,0
CITY OF OLONGAPO,NA,REGION III (CENTRAL LUZON),260317,1.64,1
AGONCILLO,BATANGAS,REGION IV-A (CALABARZON),39101,0.89,0
ALITAGTAG,BATANGAS,REGION IV-A (CALABARZON),26819,1.26,0
BALAYAN,BATANGAS,REGION IV-A (CALABARZON),95913,1.6,0
BALETE,BATANGAS,REGION IV-A (CALABARZON),24055,1.75,0
BATANGAS CITY ,BATANGAS,REGION IV-A (CALABARZON),351437,1.41,0
BAUAN,BATANGAS,REGION IV-A (CALABARZON),90819,1.11,0
CALACA,BATANGAS,REGION IV-A (CALABARZON),87361,2.16,0
CALATAGAN,BATANGAS,REGION IV-A (CALABARZON),58719,1.22,0
CUENCA,BATANGAS,REGION IV-A (CALABARZON),36235,1.49,0
IBAAN,BATANGAS,REGION IV-A (CALABARZON),58507,1.9,0
LAUREL,BATANGAS,REGION IV-A (CALABARZON),43210,1.93,0
LEMERY,BATANGAS,REGION IV-A (CALABARZON),93186,1.31,0
LIAN,BATANGAS,REGION IV-A (CALABARZON),56280,2.05,0
CITY OF LIPA,BATANGAS,REGION IV-A (CALABARZON),372931,2.78,0
LOBO,BATANGAS,REGION IV-A (CALABARZON),40736,0.95,0
MABINI,BATANGAS,REGION IV-A (CALABARZON),50858,1.37,0
MALVAR,BATANGAS,REGION IV-A (CALABARZON),64379,3.43,0
MATAASNAKAHOY,BATANGAS,REGION IV-A (CALABARZON),30621,1.2,0
NASUGBU,BATANGAS,REGION IV-A (CALABARZON),136524,1.09,0
PADRE GARCIA,BATANGAS,REGION IV-A (CALABARZON),51853,1.45,0
ROSARIO,BATANGAS,REGION IV-A (CALABARZON),128352,1.97,0
SAN JOSE,BATANGAS,REGION IV-A (CALABARZON),79868,1.54,0
SAN JUAN,BATANGAS,REGION IV-A (CALABARZON),114068,1.92,0
SAN LUIS,BATANGAS,REGION IV-A (CALABARZON),36172,1.65,0
SAN NICOLAS,BATANGAS,REGION IV-A (CALABARZON),23908,1.5,0
SAN PASCUAL,BATANGAS,REGION IV-A (CALABARZON),69009,1.48,0
SANTA TERESITA,BATANGAS,REGION IV-A (CALABARZON),21559,2.16,0
CITY OF STO. TOMAS 1,BATANGAS,REGION IV-A (CALABARZON),218500,5.76,0
TAAL,BATANGAS,REGION IV-A (CALABARZON),61460,1.78,0
TALISAY,BATANGAS,REGION IV-A (CALABARZON),46238,1.56,0
CITY OF TANAUAN,BATANGAS,REGION IV-A (CALABARZON),193936,2.44,0
TAYSAN,BATANGAS,REGION IV-A (CALABARZON),40146,1.28,0
TINGLOY,BATANGAS,REGION IV-A (CALABARZON),19215,1.31,0
TUY,BATANGAS,REGION IV-A (CALABARZON),46519,1.34,0
ALFONSO,CAVITE,REGION IV-A (CALABARZON),59306,2.02,0
AMADEO,CAVITE,REGION IV-A (CALABARZON),41901,2.27,0
CITY OF BACOOR,CAVITE,REGION IV-A (CALABARZON),664625,2.48,0
CARMONA,CAVITE,REGION IV-A (CALABARZON),106256,3.54,0
CITY OF CAVITE,CAVITE,REGION IV-A (CALABARZON),100674,-0.04,0
CITY OF DASMARIÑAS,CAVITE,REGION IV-A (CALABARZON),703141,2.02,0
GENERAL EMILIO AGUINALDO,CAVITE,REGION IV-A (CALABARZON),23973,3.19,0
CITY OF GENERAL TRIAS,CAVITE,REGION IV-A (CALABARZON),450583,6.35,0
CITY OF IMUS,CAVITE,REGION IV-A (CALABARZON),496794,5.11,0
INDANG,CAVITE,REGION IV-A (CALABARZON),68699,1.03,0
KAWIT,CAVITE,REGION IV-A (CALABARZON),107535,3.23,0
MAGALLANES,CAVITE,REGION IV-A (CALABARZON),23851,1.17,0
MARAGONDON,CAVITE,REGION IV-A (CALABARZON),40687,1.43,0
MENDEZ (MENDEZ-NUÑEZ),CAVITE,REGION IV-A (CALABARZON),34879,2.01,0
NAIC,CAVITE,REGION IV-A (CALABARZON),160987,6.2,0
NOVELETA,CAVITE,REGION IV-A (CALABARZON),49452,1.72,0
ROSARIO,CAVITE,REGION IV-A (CALABARZON),110807,1.85,0
SILANG,CAVITE,REGION IV-A (CALABARZON),295644,3.31,0
CITY OF TAGAYTAY,CAVITE,REGION IV-A (CALABARZON),85330,3.24,0
TANZA,CAVITE,REGION IV-A (CALABARZON),312116,5.15,0
TERNATE,CAVITE,REGION IV-A (CALABARZON),24653,2.48,0
CITY OF TRECE MARTIRES ,CAVITE,REGION IV-A (CALABARZON),210503,7.24,0
GEN. MARIANO ALVAREZ,CAVITE,REGION IV-A (CALABARZON),172433,2.21,0
ALAMINOS,LAGUNA,REGION IV-A (CALABARZON),51619,1.72,0
BAY,LAGUNA,REGION IV-A (CALABARZON),67182,1.89,0
CITY OF BIÑAN,LAGUNA,REGION IV-A (CALABARZON),407437,3.69,0
CITY OF CABUYAO,LAGUNA,REGION IV-A (CALABARZON),355330,3.64,0
CITY OF CALAMBA,LAGUNA,REGION IV-A (CALABARZON),539671,3.32,0
CALAUAN,LAGUNA,REGION IV-A (CALABARZON),87693,1.59,0
CAVINTI,LAGUNA,REGION IV-A (CALABARZON),23980,1.43,0
FAMY,LAGUNA,REGION IV-A (CALABARZON),16791,1.12,0
KALAYAAN,LAGUNA,REGION IV-A (CALABARZON),24755,1.68,0
LILIW,LAGUNA,REGION IV-A (CALABARZON),39491,1.55,0
LOS BAÑOS,LAGUNA,REGION IV-A (CALABARZON),115353,1.25,0
LUISIANA,LAGUNA,REGION IV-A (CALABARZON),20859,0.35,0
LUMBAN,LAGUNA,REGION IV-A (CALABARZON),32330,0.93,0
MABITAC,LAGUNA,REGION IV-A (CALABARZON),21275,1.34,0
MAGDALENA,LAGUNA,REGION IV-A (CALABARZON),27816,1.93,0
MAJAYJAY,LAGUNA,REGION IV-A (CALABARZON),27893,0.5,0
NAGCARLAN,LAGUNA,REGION IV-A (CALABARZON),64866,0.83,0
PAETE,LAGUNA,REGION IV-A (CALABARZON),24945,0.59,0
PAGSANJAN,LAGUNA,REGION IV-A (CALABARZON),44327,1.21,0
PAKIL,LAGUNA,REGION IV-A (CALABARZON),23495,1.21,0
PANGIL,LAGUNA,REGION IV-A (CALABARZON),25026,0.76,0
PILA,LAGUNA,REGION IV-A (CALABARZON),54613,1.61,0
RIZAL,LAGUNA,REGION IV-A (CALABARZON),18332,1.68,0
CITY OF SAN PABLO,LAGUNA,REGION IV-A (CALABARZON),285348,1.38,0
CITY OF SAN PEDRO,LAGUNA,REGION IV-A (CALABARZON),326001,1.03,0
SANTA CRUZ ,LAGUNA,REGION IV-A (CALABARZON),123574,1.08,0
SANTA MARIA,LAGUNA,REGION IV-A (CALABARZON),34511,2.54,0
CITY OF SANTA ROSA,LAGUNA,REGION IV-A (CALABARZON),414812,3.83,0
SINILOAN,LAGUNA,REGION IV-A (CALABARZON),39460,1.1,0
VICTORIA,LAGUNA,REGION IV-A (CALABARZON),43408,2.29,0
AGDANGAN,QUEZON,REGION IV-A (CALABARZON),12764,0.99,0
ALABAT,QUEZON,REGION IV-A (CALABARZON),15936,-0.11,0
ATIMONAN,QUEZON,REGION IV-A (CALABARZON),64260,0.43,0
BUENAVISTA,QUEZON,REGION IV-A (CALABARZON),31160,0.7,0
BURDEOS,QUEZON,REGION IV-A (CALABARZON),24644,1.3,0
CALAUAG,QUEZON,REGION IV-A (CALABARZON),71809,0.37,0
CANDELARIA,QUEZON,REGION IV-A (CALABARZON),137881,2.23,0
CATANAUAN,QUEZON,REGION IV-A (CALABARZON),72752,1,0
DOLORES,QUEZON,REGION IV-A (CALABARZON),32514,1.61,0
GENERAL LUNA,QUEZON,REGION IV-A (CALABARZON),24804,-0.23,0
GENERAL NAKAR,QUEZON,REGION IV-A (CALABARZON),34225,2.8,0
GUINAYANGAN,QUEZON,REGION IV-A (CALABARZON),44045,0.56,0
GUMACA,QUEZON,REGION IV-A (CALABARZON),71942,0.33,0
INFANTA,QUEZON,REGION IV-A (CALABARZON),76186,1.63,0
JOMALIG,QUEZON,REGION IV-A (CALABARZON),7667,1.08,0
LOPEZ,QUEZON,REGION IV-A (CALABARZON),94657,0.39,0
LUCBAN,QUEZON,REGION IV-A (CALABARZON),53091,1.29,0
MACALELON,QUEZON,REGION IV-A (CALABARZON),27312,0.33,0
MAUBAN,QUEZON,REGION IV-A (CALABARZON),71081,1.52,0
MULANAY,QUEZON,REGION IV-A (CALABARZON),55576,0.9,0
PADRE BURGOS,QUEZON,REGION IV-A (CALABARZON),23488,1.54,0
PAGBILAO,QUEZON,REGION IV-A (CALABARZON),78700,1.77,0
PANUKULAN,QUEZON,REGION IV-A (CALABARZON),16376,0.87,0
PATNANUNGAN,QUEZON,REGION IV-A (CALABARZON),15052,0.82,0
PEREZ,QUEZON,REGION IV-A (CALABARZON),12767,0.59,0
PITOGO,QUEZON,REGION IV-A (CALABARZON),22798,0.64,0
PLARIDEL,QUEZON,REGION IV-A (CALABARZON),10129,-0.11,0
POLILLO,QUEZON,REGION IV-A (CALABARZON),31908,1.27,0
QUEZON,QUEZON,REGION IV-A (CALABARZON),15886,0.48,0
REAL,QUEZON,REGION IV-A (CALABARZON),38678,0.95,0
SAMPALOC,QUEZON,REGION IV-A (CALABARZON),13629,0.39,0
SAN ANDRES,QUEZON,REGION IV-A (CALABARZON),37454,1.1,0
SAN ANTONIO,QUEZON,REGION IV-A (CALABARZON),35891,1.25,0
SAN FRANCISCO (AURORA),QUEZON,REGION IV-A (CALABARZON),62097,0.69,0
SAN NARCISO,QUEZON,REGION IV-A (CALABARZON),51058,1.18,0
SARIAYA,QUEZON,REGION IV-A (CALABARZON),161868,1.54,0
TAGKAWAYAN,QUEZON,REGION IV-A (CALABARZON),54003,0.61,0
CITY OF TAYABAS,QUEZON,REGION IV-A (CALABARZON),112658,2.11,0
TIAONG,QUEZON,REGION IV-A (CALABARZON),106265,1.5,0
UNISAN,QUEZON,REGION IV-A (CALABARZON),25448,0.1,0
CITY OF LUCENA ,NA,REGION IV-A (CALABARZON),278924,1.25,1
ANGONO,RIZAL,REGION IV-A (CALABARZON),130494,2.45,0
CITY OF ANTIPOLO (Capital),RIZAL,REGION IV-A (CALABARZON),887399,2.73,0
BARAS,RIZAL,REGION IV-A (CALABARZON),87637,10.38,0
BINANGONAN,RIZAL,REGION IV-A (CALABARZON),313631,2.3,0
CAINTA,RIZAL,REGION IV-A (CALABARZON),376933,1.91,0
CARDONA,RIZAL,REGION IV-A (CALABARZON),50143,0.56,0
JALA-JALA,RIZAL,REGION IV-A (CALABARZON),34017,1.24,0
RODRIGUEZ (MONTALBAN),RIZAL,REGION IV-A (CALABARZON),443954,4.68,0
MORONG,RIZAL,REGION IV-A (CALABARZON),71151,3.14,0
PILILLA,RIZAL,REGION IV-A (CALABARZON),71535,1.85,0
SAN MATEO,RIZAL,REGION IV-A (CALABARZON),273306,2.9,0
TANAY,RIZAL,REGION IV-A (CALABARZON),139420,3.49,0
TAYTAY,RIZAL,REGION IV-A (CALABARZON),386451,2.95,0
TERESA,RIZAL,REGION IV-A (CALABARZON),64072,3.11,0
BOAC (Capital),MARINDUQUE,MIMAROPA REGION,57283,0.8,0
BUENAVISTA,MARINDUQUE,MIMAROPA REGION,26043,1.2,0
GASAN,MARINDUQUE,MIMAROPA REGION,36197,0.81,0
MOGPOG,MARINDUQUE,MIMAROPA REGION,34516,0.33,0
SANTA CRUZ,MARINDUQUE,MIMAROPA REGION,54692,-0.18,0
TORRIJOS,MARINDUQUE,MIMAROPA REGION,30476,0.37,0
ABRA DE ILOG,OCCIDENTAL MINDORO,MIMAROPA REGION,35176,1.87,0
CALINTAAN,OCCIDENTAL MINDORO,MIMAROPA REGION,30190,0.7,0
LOOC,OCCIDENTAL MINDORO,MIMAROPA REGION,7802,-2.21,0
LUBANG,OCCIDENTAL MINDORO,MIMAROPA REGION,17437,-2.76,0
MAGSAYSAY,OCCIDENTAL MINDORO,MIMAROPA REGION,39767,2.2,0
MAMBURAO (Capital),OCCIDENTAL MINDORO,MIMAROPA REGION,47705,1.97,0
PALUAN,OCCIDENTAL MINDORO,MIMAROPA REGION,18566,2,0
RIZAL,OCCIDENTAL MINDORO,MIMAROPA REGION,40429,1.61,0
SABLAYAN,OCCIDENTAL MINDORO,MIMAROPA REGION,92598,1.97,0
SAN JOSE,OCCIDENTAL MINDORO,MIMAROPA REGION,153267,1.57,0
SANTA CRUZ,OCCIDENTAL MINDORO,MIMAROPA REGION,42417,2.07,0
BACO,ORIENTAL MINDORO,MIMAROPA REGION,39817,1.28,0
BANSUD,ORIENTAL MINDORO,MIMAROPA REGION,42671,1.07,0
BONGABONG,ORIENTAL MINDORO,MIMAROPA REGION,76973,1.46,0
BULALACAO (SAN PEDRO),ORIENTAL MINDORO,MIMAROPA REGION,44366,2.77,0
CITY OF CALAPAN (Capital),ORIENTAL MINDORO,MIMAROPA REGION,145786,1.62,0
GLORIA,ORIENTAL MINDORO,MIMAROPA REGION,50496,1.85,0
MANSALAY,ORIENTAL MINDORO,MIMAROPA REGION,59114,1.35,0
NAUJAN,ORIENTAL MINDORO,MIMAROPA REGION,109587,1.49,0
PINAMALAYAN,ORIENTAL MINDORO,MIMAROPA REGION,90383,1.02,0
POLA,ORIENTAL MINDORO,MIMAROPA REGION,35455,0.72,0
PUERTO GALERA,ORIENTAL MINDORO,MIMAROPA REGION,41961,2.58,0
ROXAS,ORIENTAL MINDORO,MIMAROPA REGION,58849,1.67,0
SAN TEODORO,ORIENTAL MINDORO,MIMAROPA REGION,19121,1.92,0
SOCORRO,ORIENTAL MINDORO,MIMAROPA REGION,41585,0.81,0
VICTORIA,ORIENTAL MINDORO,MIMAROPA REGION,52175,0.77,0
ABORLAN,PALAWAN,MIMAROPA REGION,38736,1.86,0
AGUTAYA,PALAWAN,MIMAROPA REGION,12867,0.78,0
ARACELI,PALAWAN,MIMAROPA REGION,14434,0.22,0
BALABAC,PALAWAN,MIMAROPA REGION,42527,1.75,0
BATARAZA,PALAWAN,MIMAROPA REGION,85439,2.99,0
BROOKE'S POINT,PALAWAN,MIMAROPA REGION,73994,1.9,0
BUSUANGA,PALAWAN,MIMAROPA REGION,25617,1.83,0
CAGAYANCILLO,PALAWAN,MIMAROPA REGION,6884,-0.33,0
CORON,PALAWAN,MIMAROPA REGION,65855,4.37,0
CUYO,PALAWAN,MIMAROPA REGION,23489,0.73,0
DUMARAN,PALAWAN,MIMAROPA REGION,23528,0.95,0
EL NIDO (BACUIT),PALAWAN,MIMAROPA REGION,50494,3.38,0
LINAPACAN,PALAWAN,MIMAROPA REGION,16424,1.48,0
MAGSAYSAY,PALAWAN,MIMAROPA REGION,12603,0.52,0
NARRA,PALAWAN,MIMAROPA REGION,77948,1.79,0
QUEZON,PALAWAN,MIMAROPA REGION,65283,1.7,0
ROXAS,PALAWAN,MIMAROPA REGION,69624,1.32,0
SAN VICENTE,PALAWAN,MIMAROPA REGION,33507,0.81,0
TAYTAY,PALAWAN,MIMAROPA REGION,83357,1.64,0
KALAYAAN,PALAWAN,MIMAROPA REGION,193,-1.39,0
CULION,PALAWAN,MIMAROPA REGION,23213,1.73,0
RIZAL (MARCOS),PALAWAN,MIMAROPA REGION,56162,2.76,0
SOFRONIO ESPAÑOLA,PALAWAN,MIMAROPA REGION,37416,2.23,0
CITY OF PUERTO PRINCESA ,NA,MIMAROPA REGION,307079,3.26,1
ALCANTARA,ROMBLON,MIMAROPA REGION,17171,1.08,0
BANTON,ROMBLON,MIMAROPA REGION,5737,-0.39,0
CAJIDIOCAN,ROMBLON,MIMAROPA REGION,23259,0.93,0
CALATRAVA,ROMBLON,MIMAROPA REGION,11342,1.5,0
CONCEPCION,ROMBLON,MIMAROPA REGION,3561,-2.19,0
CORCUERA,ROMBLON,MIMAROPA REGION,10112,0.18,0
LOOC,ROMBLON,MIMAROPA REGION,21799,-0.02,0
MAGDIWANG,ROMBLON,MIMAROPA REGION,15385,1.25,0
ODIONGAN,ROMBLON,MIMAROPA REGION,49284,1.21,0
ROMBLON (Capital),ROMBLON,MIMAROPA REGION,40554,0.65,0
SAN AGUSTIN,ROMBLON,MIMAROPA REGION,24115,0.87,0
SAN ANDRES,ROMBLON,MIMAROPA REGION,15940,0.59,0
SAN FERNANDO,ROMBLON,MIMAROPA REGION,24171,0.73,0
SAN JOSE,ROMBLON,MIMAROPA REGION,11759,1.34,0
SANTA FE,ROMBLON,MIMAROPA REGION,17802,1.26,0
FERROL,ROMBLON,MIMAROPA REGION,8005,1.64,0
SANTA MARIA (IMELDA),ROMBLON,MIMAROPA REGION,8989,1.58,0
BACACAY,ALBAY,REGION V (BICOL REGION),72485,0.98,0
CAMALIG,ALBAY,REGION V (BICOL REGION),72042,1.26,0
DARAGA (LOCSIN),ALBAY,REGION V (BICOL REGION),133893,1.46,0
GUINOBATAN,ALBAY,REGION V (BICOL REGION),85786,1.22,0
JOVELLAR,ALBAY,REGION V (BICOL REGION),17795,0.52,0
CITY OF LEGAZPI (Capital),ALBAY,REGION V (BICOL REGION),209533,1.41,0
LIBON,ALBAY,REGION V (BICOL REGION),75073,0.48,0
CITY OF LIGAO,ALBAY,REGION V (BICOL REGION),118096,1.19,0
MALILIPOT,ALBAY,REGION V (BICOL REGION),40857,1.4,0
MALINAO,ALBAY,REGION V (BICOL REGION),47395,1.03,0
MANITO,ALBAY,REGION V (BICOL REGION),26162,1.38,0
OAS,ALBAY,REGION V (BICOL REGION),66084,0.2,0
PIO DURAN,ALBAY,REGION V (BICOL REGION),49070,0.86,0
POLANGUI,ALBAY,REGION V (BICOL REGION),89176,0.8,0
RAPU-RAPU,ALBAY,REGION V (BICOL REGION),36151,0.08,0
SANTO DOMINGO (LIBOG),ALBAY,REGION V (BICOL REGION),37765,1.54,0
CITY OF TABACO,ALBAY,REGION V (BICOL REGION),140961,1.2,0
TIWI,ALBAY,REGION V (BICOL REGION),56444,1.19,0
BASUD,CAMARINES NORTE,REGION V (BICOL REGION),45133,1.69,0
CAPALONGA,CAMARINES NORTE,REGION V (BICOL REGION),36223,1.47,0
DAET (Capital),CAMARINES NORTE,REGION V (BICOL REGION),111700,1.57,0
SAN LORENZO RUIZ (IMELDA),CAMARINES NORTE,REGION V (BICOL REGION),15757,2.27,0
JOSE PANGANIBAN,CAMARINES NORTE,REGION V (BICOL REGION),63662,1.37,0
LABO,CAMARINES NORTE,REGION V (BICOL REGION),109245,1.73,0
MERCEDES,CAMARINES NORTE,REGION V (BICOL REGION),55334,1.5,0
PARACALE,CAMARINES NORTE,REGION V (BICOL REGION),60198,1.23,0
SAN VICENTE,CAMARINES NORTE,REGION V (BICOL REGION),12579,2.2,0
SANTA ELENA,CAMARINES NORTE,REGION V (BICOL REGION),43582,0.65,0
TALISAY,CAMARINES NORTE,REGION V (BICOL REGION),27244,1.32,0
VINZONS,CAMARINES NORTE,REGION V (BICOL REGION),49042,1.58,0
BAAO,CAMARINES SUR,REGION V (BICOL REGION),61493,1.13,0
BALATAN,CAMARINES SUR,REGION V (BICOL REGION),30669,0.67,0
BATO,CAMARINES SUR,REGION V (BICOL REGION),52155,0.77,0
BOMBON,CAMARINES SUR,REGION V (BICOL REGION),17995,1.54,0
BUHI,CAMARINES SUR,REGION V (BICOL REGION),81306,0.97,0
BULA,CAMARINES SUR,REGION V (BICOL REGION),73143,0.73,0
CABUSAO,CAMARINES SUR,REGION V (BICOL REGION),19257,0.65,0
CALABANGA,CAMARINES SUR,REGION V (BICOL REGION),88906,1.3,0
CAMALIGAN,CAMARINES SUR,REGION V (BICOL REGION),25036,1.18,0
CANAMAN,CAMARINES SUR,REGION V (BICOL REGION),36205,1.12,0
CARAMOAN,CAMARINES SUR,REGION V (BICOL REGION),51728,1.41,0
DEL GALLEGO,CAMARINES SUR,REGION V (BICOL REGION),26403,1.36,0
GAINZA,CAMARINES SUR,REGION V (BICOL REGION),11584,1.14,0
GARCHITORENA,CAMARINES SUR,REGION V (BICOL REGION),29436,1.56,0
GOA,CAMARINES SUR,REGION V (BICOL REGION),71368,2.01,0
CITY OF IRIGA,CAMARINES SUR,REGION V (BICOL REGION),114457,0.78,0
LAGONOY,CAMARINES SUR,REGION V (BICOL REGION),56714,0.91,0
LIBMANAN,CAMARINES SUR,REGION V (BICOL REGION),112994,1.23,0
LUPI,CAMARINES SUR,REGION V (BICOL REGION),33897,1.19,0
MAGARAO,CAMARINES SUR,REGION V (BICOL REGION),26742,0.97,0
MILAOR,CAMARINES SUR,REGION V (BICOL REGION),33963,1.78,0
MINALABAC,CAMARINES SUR,REGION V (BICOL REGION),53981,1.15,0
NABUA,CAMARINES SUR,REGION V (BICOL REGION),86490,0.77,0
CITY OF NAGA,CAMARINES SUR,REGION V (BICOL REGION),209170,1.8,0
OCAMPO,CAMARINES SUR,REGION V (BICOL REGION),51073,1.61,0
PAMPLONA,CAMARINES SUR,REGION V (BICOL REGION),39333,1.33,0
PASACAO,CAMARINES SUR,REGION V (BICOL REGION),53461,1.53,0
PILI (Capital),CAMARINES SUR,REGION V (BICOL REGION),99196,1.88,0
PRESENTACION (PARUBCAN),CAMARINES SUR,REGION V (BICOL REGION),22591,1.21,0
RAGAY,CAMARINES SUR,REGION V (BICOL REGION),59770,0.85,0
SAGÑAY,CAMARINES SUR,REGION V (BICOL REGION),36841,1.64,0
SAN FERNANDO,CAMARINES SUR,REGION V (BICOL REGION),38626,1.5,0
SAN JOSE,CAMARINES SUR,REGION V (BICOL REGION),43973,1.33,0
SIPOCOT,CAMARINES SUR,REGION V (BICOL REGION),68169,0.63,0
SIRUMA,CAMARINES SUR,REGION V (BICOL REGION),19419,1.31,0
TIGAON,CAMARINES SUR,REGION V (BICOL REGION),60524,2.21,0
TINAMBAC,CAMARINES SUR,REGION V (BICOL REGION),70176,1.17,0
BAGAMANOC,CATANDUANES,REGION V (BICOL REGION),11086,-0.25,0
BARAS,CATANDUANES,REGION V (BICOL REGION),13484,0.97,0
BATO,CATANDUANES,REGION V (BICOL REGION),21748,0.85,0
CARAMORAN,CATANDUANES,REGION V (BICOL REGION),32114,1.36,0
GIGMOTO,CATANDUANES,REGION V (BICOL REGION),8712,0.85,0
PANDAN,CATANDUANES,REGION V (BICOL REGION),21473,1.02,0
PANGANIBAN (PAYO),CATANDUANES,REGION V (BICOL REGION),9713,-0.03,0
SAN ANDRES (CALOLBON),CATANDUANES,REGION V (BICOL REGION),38480,0.73,0
SAN MIGUEL,CATANDUANES,REGION V (BICOL REGION),15680,1.06,0
VIGA,CATANDUANES,REGION V (BICOL REGION),22869,1.02,0
VIRAC (Capital),CATANDUANES,REGION V (BICOL REGION),76520,1.34,0
AROROY,MASBATE,REGION V (BICOL REGION),88351,1.5,0
BALENO,MASBATE,REGION V (BICOL REGION),28855,1.69,0
BALUD,MASBATE,REGION V (BICOL REGION),40155,1.14,0
BATUAN,MASBATE,REGION V (BICOL REGION),14610,0.6,0
CATAINGAN,MASBATE,REGION V (BICOL REGION),50623,0.31,0
CAWAYAN,MASBATE,REGION V (BICOL REGION),69265,0.93,0
CLAVERIA,MASBATE,REGION V (BICOL REGION),42142,0.14,0
DIMASALANG,MASBATE,REGION V (BICOL REGION),24909,-0.13,0
ESPERANZA,MASBATE,REGION V (BICOL REGION),17534,0.1,0
MANDAON,MASBATE,REGION V (BICOL REGION),44122,1.46,0
CITY OF MASBATE (Capital),MASBATE,REGION V (BICOL REGION),104522,2.06,0
MILAGROS,MASBATE,REGION V (BICOL REGION),57538,0.9,0
MOBO,MASBATE,REGION V (BICOL REGION),40823,1.58,0
MONREAL,MASBATE,REGION V (BICOL REGION),25164,-0.08,0
PALANAS,MASBATE,REGION V (BICOL REGION),27322,0.69,0
PIO V. CORPUZ (LIMBUHAN),MASBATE,REGION V (BICOL REGION),23744,0.19,0
PLACER,MASBATE,REGION V (BICOL REGION),56340,0.16,0
SAN FERNANDO,MASBATE,REGION V (BICOL REGION),21600,0.14,0
SAN JACINTO,MASBATE,REGION V (BICOL REGION),29686,0.6,0
SAN PASCUAL,MASBATE,REGION V (BICOL REGION),44449,-0.07,0
USON,MASBATE,REGION V (BICOL REGION),57166,0.65,0
BARCELONA,SORSOGON,REGION V (BICOL REGION),20987,0.31,0
BULAN,SORSOGON,REGION V (BICOL REGION),105190,1.14,0
BULUSAN,SORSOGON,REGION V (BICOL REGION),23932,0.8,0
CASIGURAN,SORSOGON,REGION V (BICOL REGION),35602,1.39,0
CASTILLA,SORSOGON,REGION V (BICOL REGION),60635,1.37,0
DONSOL,SORSOGON,REGION V (BICOL REGION),50281,0.56,0
GUBAT,SORSOGON,REGION V (BICOL REGION),60294,0.51,0
IROSIN,SORSOGON,REGION V (BICOL REGION),59267,1.36,0
JUBAN,SORSOGON,REGION V (BICOL REGION),35297,1.53,0
MAGALLANES,SORSOGON,REGION V (BICOL REGION),37411,0.54,0
MATNOG,SORSOGON,REGION V (BICOL REGION),41989,1.1,0
PILAR,SORSOGON,REGION V (BICOL REGION),75793,1.05,0
PRIETO DIAZ,SORSOGON,REGION V (BICOL REGION),22644,1.01,0
SANTA MAGDALENA,SORSOGON,REGION V (BICOL REGION),17096,0.34,0
CITY OF SORSOGON (Capital),SORSOGON,REGION V (BICOL REGION),182237,1.62,0
ALTAVAS,AKLAN,REGION VI (WESTERN VISAYAS),25639,0.7,0
BALETE,AKLAN,REGION VI (WESTERN VISAYAS),30090,1.02,0
BANGA,AKLAN,REGION VI (WESTERN VISAYAS),40318,0.58,0
BATAN,AKLAN,REGION VI (WESTERN VISAYAS),33484,1,0
BURUANGA,AKLAN,REGION VI (WESTERN VISAYAS),19357,1.33,0
IBAJAY,AKLAN,REGION VI (WESTERN VISAYAS),52364,1.46,0
KALIBO (Capital),AKLAN,REGION VI (WESTERN VISAYAS),89127,1.79,0
LEZO,AKLAN,REGION VI (WESTERN VISAYAS),15639,0.75,0
LIBACAO,AKLAN,REGION VI (WESTERN VISAYAS),28272,0.09,0
MADALAG,AKLAN,REGION VI (WESTERN VISAYAS),18890,0.39,0
MAKATO,AKLAN,REGION VI (WESTERN VISAYAS),29717,1.56,0
MALAY,AKLAN,REGION VI (WESTERN VISAYAS),60077,2.75,0
MALINAO,AKLAN,REGION VI (WESTERN VISAYAS),24517,0.17,0
NABAS,AKLAN,REGION VI (WESTERN VISAYAS),40632,2.72,0
NEW WASHINGTON,AKLAN,REGION VI (WESTERN VISAYAS),47955,1.31,0
NUMANCIA,AKLAN,REGION VI (WESTERN VISAYAS),35693,1.8,0
TANGALAN,AKLAN,REGION VI (WESTERN VISAYAS),23704,1.57,0
ANINI-Y,ANTIQUE,REGION VI (WESTERN VISAYAS),22018,0.79,0
BARBAZA,ANTIQUE,REGION VI (WESTERN VISAYAS),23359,0.7,0
BELISON,ANTIQUE,REGION VI (WESTERN VISAYAS),14129,0.99,0
BUGASONG,ANTIQUE,REGION VI (WESTERN VISAYAS),34676,0.72,0
CALUYA,ANTIQUE,REGION VI (WESTERN VISAYAS),38908,2.62,0
CULASI,ANTIQUE,REGION VI (WESTERN VISAYAS),44494,1.3,0
TOBIAS FORNIER (DAO),ANTIQUE,REGION VI (WESTERN VISAYAS),33816,0.98,0
HAMTIC,ANTIQUE,REGION VI (WESTERN VISAYAS),52685,1.37,0
LAUA-AN,ANTIQUE,REGION VI (WESTERN VISAYAS),26580,0.53,0
LIBERTAD,ANTIQUE,REGION VI (WESTERN VISAYAS),17507,1.11,0
PANDAN,ANTIQUE,REGION VI (WESTERN VISAYAS),35965,1.02,0
PATNONGON,ANTIQUE,REGION VI (WESTERN VISAYAS),38329,0.88,0
SAN JOSE (Capital),ANTIQUE,REGION VI (WESTERN VISAYAS),65140,1.19,0
SAN REMIGIO,ANTIQUE,REGION VI (WESTERN VISAYAS),34045,1.12,0
SEBASTE,ANTIQUE,REGION VI (WESTERN VISAYAS),18816,0.86,0
SIBALOM,ANTIQUE,REGION VI (WESTERN VISAYAS),63833,1.31,0
TIBIAO,ANTIQUE,REGION VI (WESTERN VISAYAS),28703,1.59,0
VALDERRAMA,ANTIQUE,REGION VI (WESTERN VISAYAS),19971,0.8,0
CUARTERO,CAPIZ,REGION VI (WESTERN VISAYAS),27993,0.95,0
DAO,CAPIZ,REGION VI (WESTERN VISAYAS),33842,0.59,0
DUMALAG,CAPIZ,REGION VI (WESTERN VISAYAS),30098,0.27,0
DUMARAO,CAPIZ,REGION VI (WESTERN VISAYAS),49506,1.19,0
IVISAN,CAPIZ,REGION VI (WESTERN VISAYAS),31278,1.57,0
JAMINDAN,CAPIZ,REGION VI (WESTERN VISAYAS),38670,1,0
MA-AYON,CAPIZ,REGION VI (WESTERN VISAYAS),41226,1.24,0
MAMBUSAO,CAPIZ,REGION VI (WESTERN VISAYAS),40690,0.77,0
PANAY,CAPIZ,REGION VI (WESTERN VISAYAS),48890,1.19,0
PANITAN,CAPIZ,REGION VI (WESTERN VISAYAS),42565,1.17,0
PILAR,CAPIZ,REGION VI (WESTERN VISAYAS),47100,1.26,0
PONTEVEDRA,CAPIZ,REGION VI (WESTERN VISAYAS),49725,1.34,0
PRESIDENT ROXAS,CAPIZ,REGION VI (WESTERN VISAYAS),31269,0.91,0
CITY OF ROXAS (Capital),CAPIZ,REGION VI (WESTERN VISAYAS),179292,1.39,0
SAPI-AN,CAPIZ,REGION VI (WESTERN VISAYAS),26697,0.75,0
SIGMA,CAPIZ,REGION VI (WESTERN VISAYAS),31688,0.84,0
TAPAZ,CAPIZ,REGION VI (WESTERN VISAYAS),54423,1.25,0
BUENAVISTA,GUIMARAS,REGION VI (WESTERN VISAYAS),52899,1.25,0
JORDAN (Capital),GUIMARAS,REGION VI (WESTERN VISAYAS),39566,1.29,0
NUEVA VALENCIA,GUIMARAS,REGION VI (WESTERN VISAYAS),42771,1.23,0
SAN LORENZO,GUIMARAS,REGION VI (WESTERN VISAYAS),29444,2.05,0
SIBUNAG,GUIMARAS,REGION VI (WESTERN VISAYAS),23162,1.7,0
AJUY,ILOILO,REGION VI (WESTERN VISAYAS),53462,1.24,0
ALIMODIAN,ILOILO,REGION VI (WESTERN VISAYAS),39722,0.58,0
ANILAO,ILOILO,REGION VI (WESTERN VISAYAS),30520,1.05,0
BADIANGAN,ILOILO,REGION VI (WESTERN VISAYAS),27056,0.31,0
BALASAN,ILOILO,REGION VI (WESTERN VISAYAS),35064,1.66,0
BANATE,ILOILO,REGION VI (WESTERN VISAYAS),33376,1.23,0
BAROTAC NUEVO,ILOILO,REGION VI (WESTERN VISAYAS),58176,1.15,0
BAROTAC VIEJO,ILOILO,REGION VI (WESTERN VISAYAS),48614,1.6,0
BATAD,ILOILO,REGION VI (WESTERN VISAYAS),22157,1.34,0
BINGAWAN,ILOILO,REGION VI (WESTERN VISAYAS),16164,1.87,0
CABATUAN,ILOILO,REGION VI (WESTERN VISAYAS),61110,1.07,0
CALINOG,ILOILO,REGION VI (WESTERN VISAYAS),62853,1.45,0
CARLES,ILOILO,REGION VI (WESTERN VISAYAS),72637,1.48,0
CONCEPCION,ILOILO,REGION VI (WESTERN VISAYAS),44633,1.2,0
DINGLE,ILOILO,REGION VI (WESTERN VISAYAS),45965,0.6,0
DUEÑAS,ILOILO,REGION VI (WESTERN VISAYAS),34597,0.27,0
DUMANGAS,ILOILO,REGION VI (WESTERN VISAYAS),73899,1.12,0
ESTANCIA,ILOILO,REGION VI (WESTERN VISAYAS),53200,2.23,0
GUIMBAL,ILOILO,REGION VI (WESTERN VISAYAS),35022,0.8,0
IGBARAS,ILOILO,REGION VI (WESTERN VISAYAS),32197,0.27,0
JANIUAY,ILOILO,REGION VI (WESTERN VISAYAS),66786,0.58,0
LAMBUNAO,ILOILO,REGION VI (WESTERN VISAYAS),81236,1.64,0
LEGANES,ILOILO,REGION VI (WESTERN VISAYAS),34725,1.66,0
LEMERY,ILOILO,REGION VI (WESTERN VISAYAS),31414,1.36,0
LEON,ILOILO,REGION VI (WESTERN VISAYAS),51990,0.9,0
MAASIN,ILOILO,REGION VI (WESTERN VISAYAS),38461,0.93,0
MIAGAO,ILOILO,REGION VI (WESTERN VISAYAS),68115,0.54,0
MINA,ILOILO,REGION VI (WESTERN VISAYAS),24042,0.99,0
NEW LUCENA,ILOILO,REGION VI (WESTERN VISAYAS),24314,0.92,0
OTON,ILOILO,REGION VI (WESTERN VISAYAS),98509,1.78,0
CITY OF PASSI,ILOILO,REGION VI (WESTERN VISAYAS),88873,1.1,0
PAVIA,ILOILO,REGION VI (WESTERN VISAYAS),70388,4.9,0
POTOTAN,ILOILO,REGION VI (WESTERN VISAYAS),78298,0.99,0
SAN DIONISIO,ILOILO,REGION VI (WESTERN VISAYAS),39048,1.5,0
SAN ENRIQUE,ILOILO,REGION VI (WESTERN VISAYAS),36911,1.3,0
SAN JOAQUIN,ILOILO,REGION VI (WESTERN VISAYAS),52617,0.19,0
SAN MIGUEL,ILOILO,REGION VI (WESTERN VISAYAS),30115,1.87,0
SAN RAFAEL,ILOILO,REGION VI (WESTERN VISAYAS),17795,1.96,0
SANTA BARBARA,ILOILO,REGION VI (WESTERN VISAYAS),67630,2,0
SARA,ILOILO,REGION VI (WESTERN VISAYAS),54637,1.54,0
TIGBAUAN,ILOILO,REGION VI (WESTERN VISAYAS),65245,1.04,0
TUBUNGAN,ILOILO,REGION VI (WESTERN VISAYAS),23021,0.67,0
ZARRAGA,ILOILO,REGION VI (WESTERN VISAYAS),27305,1.43,0
CITY OF ILOILO,NA,REGION VI (WESTERN VISAYAS),457626,0.75,1
CITY OF BAGO,NEGROS OCCIDENTAL,REGION VI (WESTERN VISAYAS),191210,1.6,0
BINALBAGAN,NEGROS OCCIDENTAL,REGION VI (WESTERN VISAYAS),71407,0.88,0
CITY OF CADIZ,NEGROS OCCIDENTAL,REGION VI (WESTERN VISAYAS),158544,0.46,0
CALATRAVA,NEGROS OCCIDENTAL,REGION VI (WESTERN VISAYAS),82540,0.44,0
CANDONI,NEGROS OCCIDENTAL,REGION VI (WESTERN VISAYAS),23751,1.08,0
CAUAYAN,NEGROS OCCIDENTAL,REGION VI (WESTERN VISAYAS),108480,1.13,0
ENRIQUE B. MAGALONA (SARAVIA),NEGROS OCCIDENTAL,REGION VI (WESTERN VISAYAS),64290,0.79,0
CITY OF ESCALANTE,NEGROS OCCIDENTAL,REGION VI (WESTERN VISAYAS),96159,0.33,0
CITY OF HIMAMAYLAN,NEGROS OCCIDENTAL,REGION VI (WESTERN VISAYAS),116240,1.22,0
HINIGARAN,NEGROS OCCIDENTAL,REGION VI (WESTERN VISAYAS),88909,0.82,0
HINOBA-AN (ASIA),NEGROS OCCIDENTAL,REGION VI (WESTERN VISAYAS),60865,1.09,0
ILOG,NEGROS OCCIDENTAL,REGION VI (WESTERN VISAYAS),59855,0.96,0
ISABELA,NEGROS OCCIDENTAL,REGION VI (WESTERN VISAYAS),64516,0.81,0
CITY OF KABANKALAN,NEGROS OCCIDENTAL,REGION VI (WESTERN VISAYAS),200198,1.79,0
CITY OF LA CARLOTA,NEGROS OCCIDENTAL,REGION VI (WESTERN VISAYAS),66664,0.43,0
LA CASTELLANA,NEGROS OCCIDENTAL,REGION VI (WESTERN VISAYAS),79492,1.13,0
MANAPLA,NEGROS OCCIDENTAL,REGION VI (WESTERN VISAYAS),55083,0.45,0
MOISES PADILLA (MAGALLON),NEGROS OCCIDENTAL,REGION VI (WESTERN VISAYAS),43462,1.02,0
MURCIA,NEGROS OCCIDENTAL,REGION VI (WESTERN VISAYAS),88868,1.68,0
PONTEVEDRA,NEGROS OCCIDENTAL,REGION VI (WESTERN VISAYAS),54502,1.29,0
PULUPANDAN,NEGROS OCCIDENTAL,REGION VI (WESTERN VISAYAS),30117,1.74,0
CITY OF SAGAY,NEGROS OCCIDENTAL,REGION VI (WESTERN VISAYAS),148894,0.56,0
CITY OF SAN CARLOS,NEGROS OCCIDENTAL,REGION VI (WESTERN VISAYAS),132650,0.2,0
SAN ENRIQUE,NEGROS OCCIDENTAL,REGION VI (WESTERN VISAYAS),24177,0.42,0
CITY OF SILAY,NEGROS OCCIDENTAL,REGION VI (WESTERN VISAYAS),130478,0.76,0
CITY OF SIPALAY,NEGROS OCCIDENTAL,REGION VI (WESTERN VISAYAS),72448,0.72,0
CITY OF TALISAY,NEGROS OCCIDENTAL,REGION VI (WESTERN VISAYAS),108909,1.1,0
TOBOSO,NEGROS OCCIDENTAL,REGION VI (WESTERN VISAYAS),43445,0.42,0
VALLADOLID,NEGROS OCCIDENTAL,REGION VI (WESTERN VISAYAS),39996,0.94,0
CITY OF VICTORIAS,NEGROS OCCIDENTAL,REGION VI (WESTERN VISAYAS),90101,0.2,0
SALVADOR BENEDICTO,NEGROS OCCIDENTAL,REGION VI (WESTERN VISAYAS),26922,1.31,0
CITY OF BACOLOD,NA ,REGION VI (WESTERN VISAYAS),600783,1.61,0
ALBURQUERQUE,BOHOL,REGION VII (CENTRAL VISAYAS),11246,1.26,0
ALICIA,BOHOL,REGION VII (CENTRAL VISAYAS),24374,0.9,0
ANDA,BOHOL,REGION VII (CENTRAL VISAYAS),17778,0.5,0
ANTEQUERA,BOHOL,REGION VII (CENTRAL VISAYAS),14990,0.35,0
BACLAYON,BOHOL,REGION VII (CENTRAL VISAYAS),22461,1.89,0
BALILIHAN,BOHOL,REGION VII (CENTRAL VISAYAS),18694,0.87,0
BATUAN,BOHOL,REGION VII (CENTRAL VISAYAS),13845,1.08,0
BILAR,BOHOL,REGION VII (CENTRAL VISAYAS),18512,0.8,0
BUENAVISTA,BOHOL,REGION VII (CENTRAL VISAYAS),29711,0.95,0
CALAPE,BOHOL,REGION VII (CENTRAL VISAYAS),33079,0.93,0
CANDIJAY,BOHOL,REGION VII (CENTRAL VISAYAS),30119,0.36,0
CARMEN,BOHOL,REGION VII (CENTRAL VISAYAS),49191,1.22,0
CATIGBIAN,BOHOL,REGION VII (CENTRAL VISAYAS),23805,0.48,0
CLARIN,BOHOL,REGION VII (CENTRAL VISAYAS),21158,0.42,0
CORELLA,BOHOL,REGION VII (CENTRAL VISAYAS),9479,2.1,0
CORTES,BOHOL,REGION VII (CENTRAL VISAYAS),18344,1.83,0
DAGOHOY,BOHOL,REGION VII (CENTRAL VISAYAS),19874,0.52,0
DANAO,BOHOL,REGION VII (CENTRAL VISAYAS),20245,1.21,0
DAUIS,BOHOL,REGION VII (CENTRAL VISAYAS),52492,2.9,0
DIMIAO,BOHOL,REGION VII (CENTRAL VISAYAS),14889,-0.18,0
DUERO,BOHOL,REGION VII (CENTRAL VISAYAS),18861,0.71,0
GARCIA HERNANDEZ,BOHOL,REGION VII (CENTRAL VISAYAS),24430,0.59,0
GUINDULMAN,BOHOL,REGION VII (CENTRAL VISAYAS),34104,0.7,0
INABANGA,BOHOL,REGION VII (CENTRAL VISAYAS),48534,1.15,0
JAGNA,BOHOL,REGION VII (CENTRAL VISAYAS),35832,0.96,0
GETAFE,BOHOL,REGION VII (CENTRAL VISAYAS),33422,1.86,0
LILA,BOHOL,REGION VII (CENTRAL VISAYAS),12240,0.21,0
LOAY,BOHOL,REGION VII (CENTRAL VISAYAS),17855,0.94,0
LOBOC,BOHOL,REGION VII (CENTRAL VISAYAS),17418,0.66,0
LOON,BOHOL,REGION VII (CENTRAL VISAYAS),44224,0.33,0
MABINI,BOHOL,REGION VII (CENTRAL VISAYAS),28701,0.19,0
MARIBOJOC,BOHOL,REGION VII (CENTRAL VISAYAS),22178,0.79,0
PANGLAO,BOHOL,REGION VII (CENTRAL VISAYAS),39839,3.37,0
PILAR,BOHOL,REGION VII (CENTRAL VISAYAS),28693,0.65,0
PRES. CARLOS P. GARCIA (PITOGO),BOHOL,REGION VII (CENTRAL VISAYAS),23625,0.14,0
SAGBAYAN (BORJA),BOHOL,REGION VII (CENTRAL VISAYAS),24335,1.93,0
SAN ISIDRO,BOHOL,REGION VII (CENTRAL VISAYAS),9909,0.83,0
SAN MIGUEL,BOHOL,REGION VII (CENTRAL VISAYAS),25356,0.73,0
SEVILLA,BOHOL,REGION VII (CENTRAL VISAYAS),11376,0.86,0
SIERRA BULLONES,BOHOL,REGION VII (CENTRAL VISAYAS),26095,0.55,0
SIKATUNA,BOHOL,REGION VII (CENTRAL VISAYAS),6906,0.79,0
CITY OF TAGBILARAN (Capital),BOHOL,REGION VII (CENTRAL VISAYAS),104976,0.81,0
TALIBON,BOHOL,REGION VII (CENTRAL VISAYAS),71272,1.51,0
TRINIDAD,BOHOL,REGION VII (CENTRAL VISAYAS),35119,1.99,0
TUBIGON,BOHOL,REGION VII (CENTRAL VISAYAS),47886,0.64,0
UBAY,BOHOL,REGION VII (CENTRAL VISAYAS),81799,1.78,0
VALENCIA,BOHOL,REGION VII (CENTRAL VISAYAS),28392,0.29,0
BIEN UNIDO,BOHOL,REGION VII (CENTRAL VISAYAS),26666,0.33,0
ALCANTARA,CEBU,REGION VII (CENTRAL VISAYAS),16910,2.23,0
ALCOY,CEBU,REGION VII (CENTRAL VISAYAS),19186,2.66,0
ALEGRIA,CEBU,REGION VII (CENTRAL VISAYAS),25620,1.5,0
ALOGUINSAN,CEBU,REGION VII (CENTRAL VISAYAS),34466,2.23,0
ARGAO,CEBU,REGION VII (CENTRAL VISAYAS),78187,1.18,0
ASTURIAS,CEBU,REGION VII (CENTRAL VISAYAS),55397,2.16,0
BADIAN,CEBU,REGION VII (CENTRAL VISAYAS),43735,1.49,0
BALAMBAN,CEBU,REGION VII (CENTRAL VISAYAS),95136,2.93,0
BANTAYAN,CEBU,REGION VII (CENTRAL VISAYAS),86247,1.44,0
BARILI,CEBU,REGION VII (CENTRAL VISAYAS),80715,2.11,0
CITY OF BOGO,CEBU,REGION VII (CENTRAL VISAYAS),88867,2.43,0
BOLJOON,CEBU,REGION VII (CENTRAL VISAYAS),17525,1.55,0
BORBON,CEBU,REGION VII (CENTRAL VISAYAS),38187,1.91,0
CITY OF CARCAR,CEBU,REGION VII (CENTRAL VISAYAS),136453,2.43,0
CARMEN,CEBU,REGION VII (CENTRAL VISAYAS),57897,2.63,0
CATMON,CEBU,REGION VII (CENTRAL VISAYAS),33745,1.77,0
COMPOSTELA,CEBU,REGION VII (CENTRAL VISAYAS),55874,2.75,0
CONSOLACION,CEBU,REGION VII (CENTRAL VISAYAS),148012,3.33,0
CORDOVA,CEBU,REGION VII (CENTRAL VISAYAS),70595,3.43,0
DAANBANTAYAN,CEBU,REGION VII (CENTRAL VISAYAS),93502,2.24,0
DALAGUETE,CEBU,REGION VII (CENTRAL VISAYAS),74596,1.66,0
DANAO CITY,CEBU,REGION VII (CENTRAL VISAYAS),156321,2.74,0
DUMANJUG,CEBU,REGION VII (CENTRAL VISAYAS),57823,2.15,0
GINATILAN,CEBU,REGION VII (CENTRAL VISAYAS),16906,0.98,0
LILOAN,CEBU,REGION VII (CENTRAL VISAYAS),153197,4.3,0
MADRIDEJOS,CEBU,REGION VII (CENTRAL VISAYAS),42039,1.88,0
MALABUYOC,CEBU,REGION VII (CENTRAL VISAYAS),19770,0.71,0
MEDELLIN,CEBU,REGION VII (CENTRAL VISAYAS),59605,1.76,0
MINGLANILLA,CEBU,REGION VII (CENTRAL VISAYAS),151002,2.92,0
MOALBOAL,CEBU,REGION VII (CENTRAL VISAYAS),36930,2.92,0
CITY OF NAGA,CEBU,REGION VII (CENTRAL VISAYAS),133184,2.74,0
OSLOB,CEBU,REGION VII (CENTRAL VISAYAS),29264,1.14,0
PILAR,CEBU,REGION VII (CENTRAL VISAYAS),12506,0.79,0
PINAMUNGAJAN 1,CEBU,REGION VII (CENTRAL VISAYAS),75131,2.62,0
PORO,CEBU,REGION VII (CENTRAL VISAYAS),26232,1.11,0
RONDA,CEBU,REGION VII (CENTRAL VISAYAS),21005,1.23,0
SAMBOAN,CEBU,REGION VII (CENTRAL VISAYAS),20373,0.91,0
SAN FERNANDO,CEBU,REGION VII (CENTRAL VISAYAS),72224,1.71,0
SAN FRANCISCO,CEBU,REGION VII (CENTRAL VISAYAS),59236,2.26,0
SAN REMIGIO,CEBU,REGION VII (CENTRAL VISAYAS),65744,2.49,0
SANTA FE,CEBU,REGION VII (CENTRAL VISAYAS),34471,2.37,0
SANTANDER,CEBU,REGION VII (CENTRAL VISAYAS),18527,1.41,0
SIBONGA,CEBU,REGION VII (CENTRAL VISAYAS),53424,2.04,0
SOGOD,CEBU,REGION VII (CENTRAL VISAYAS),39447,2.56,0
TABOGON,CEBU,REGION VII (CENTRAL VISAYAS),41432,2.29,0
TABUELAN,CEBU,REGION VII (CENTRAL VISAYAS),28907,2.63,0
CITY OF TALISAY,CEBU,REGION VII (CENTRAL VISAYAS),263048,2.74,0
CITY OF TOLEDO,CEBU,REGION VII (CENTRAL VISAYAS),207314,2.81,0
TUBURAN,CEBU,REGION VII (CENTRAL VISAYAS),68167,1.47,0
TUDELA,CEBU,REGION VII (CENTRAL VISAYAS),11304,1.38,0
CITY OF CEBU (Capital),NA,REGION VII (CENTRAL VISAYAS),964169,1.08,1
CITY OF LAPU-LAPU (OPON),NA,REGION VII (CENTRAL VISAYAS),497604,3.56,1
CITY OF MANDAUE,NA,REGION VII (CENTRAL VISAYAS),364116,0.95,1
AMLAN (AYUQUITAN),NEGROS ORIENTAL 2,REGION VII (CENTRAL VISAYAS),25513,1.4,0
AYUNGON,NEGROS ORIENTAL 2,REGION VII (CENTRAL VISAYAS),47102,0.21,0
BACONG,NEGROS ORIENTAL 2,REGION VII (CENTRAL VISAYAS),41207,2.47,0
CITY OF BAIS,NEGROS ORIENTAL 2,REGION VII (CENTRAL VISAYAS),84317,1.21,0
BASAY,NEGROS ORIENTAL 2,REGION VII (CENTRAL VISAYAS),28531,1.36,0
CITY OF BAYAWAN (TULONG),NEGROS ORIENTAL 2,REGION VII (CENTRAL VISAYAS),122747,0.73,0
BINDOY (PAYABON),NEGROS ORIENTAL 2,REGION VII (CENTRAL VISAYAS),40308,0.22,0
CITY OF CANLAON,NEGROS ORIENTAL 2,REGION VII (CENTRAL VISAYAS),58822,1.51,0
DAUIN,NEGROS ORIENTAL 2,REGION VII (CENTRAL VISAYAS),30018,1.75,0
CITY OF DUMAGUETE (Capital),NEGROS ORIENTAL 2,REGION VII (CENTRAL VISAYAS),134103,1.04,0
CITY OF GUIHULNGAN,NEGROS ORIENTAL 2,REGION VII (CENTRAL VISAYAS),102656,0.92,0
JIMALALUD,NEGROS ORIENTAL 2,REGION VII (CENTRAL VISAYAS),32256,1.05,0
LA LIBERTAD,NEGROS ORIENTAL 2,REGION VII (CENTRAL VISAYAS),41089,0.55,0
MABINAY,NEGROS ORIENTAL 2,REGION VII (CENTRAL VISAYAS),82953,1.12,0
MANJUYOD,NEGROS ORIENTAL 2,REGION VII (CENTRAL VISAYAS),44799,0.86,0
PAMPLONA,NEGROS ORIENTAL 2,REGION VII (CENTRAL VISAYAS),39805,1.32,0
SAN JOSE,NEGROS ORIENTAL 2,REGION VII (CENTRAL VISAYAS),21956,1.4,0
SANTA CATALINA,NEGROS ORIENTAL 2,REGION VII (CENTRAL VISAYAS),77501,0.56,0
SIATON,NEGROS ORIENTAL 2,REGION VII (CENTRAL VISAYAS),83082,1.26,0
SIBULAN,NEGROS ORIENTAL 2,REGION VII (CENTRAL VISAYAS),64343,2.25,0
CITY OF TANJAY,NEGROS ORIENTAL 2,REGION VII (CENTRAL VISAYAS),82642,0.44,0
TAYASAN,NEGROS ORIENTAL 2,REGION VII (CENTRAL VISAYAS),38159,0.98,0
VALENCIA (LUZURRIAGA),NEGROS ORIENTAL 2,REGION VII (CENTRAL VISAYAS),38733,2.09,0
VALLEHERMOSO,NEGROS ORIENTAL 2,REGION VII (CENTRAL VISAYAS),40779,0.99,0
ZAMBOANGUITA,NEGROS ORIENTAL 2,REGION VII (CENTRAL VISAYAS),29569,1.69,0
ENRIQUE VILLANUEVA,SIQUIJOR,REGION VII (CENTRAL VISAYAS),6790,1.29,0
LARENA,SIQUIJOR,REGION VII (CENTRAL VISAYAS),14454,1.12,0
LAZI,SIQUIJOR,REGION VII (CENTRAL VISAYAS),22488,1.17,0
MARIA,SIQUIJOR,REGION VII (CENTRAL VISAYAS),14385,0.72,0
SAN JUAN,SIQUIJOR,REGION VII (CENTRAL VISAYAS),16363,1.92,0
SIQUIJOR (Capital),SIQUIJOR,REGION VII (CENTRAL VISAYAS),28915,1.37,0
ALMERIA,BILIRAN,REGION VIII (EASTERN VISAYAS),17954,0.85,0
BILIRAN,BILIRAN,REGION VIII (EASTERN VISAYAS),17662,0.88,0
CABUCGAYAN,BILIRAN,REGION VIII (EASTERN VISAYAS),21542,0.94,0
CAIBIRAN,BILIRAN,REGION VIII (EASTERN VISAYAS),24167,1.19,0
CULABA,BILIRAN,REGION VIII (EASTERN VISAYAS),12972,0.57,0
KAWAYAN,BILIRAN,REGION VIII (EASTERN VISAYAS),20455,0.11,0
MARIPIPI,BILIRAN,REGION VIII (EASTERN VISAYAS),6373,-0.5,0
NAVAL (Capital),BILIRAN,REGION VIII (EASTERN VISAYAS),58187,1.77,0
ARTECHE,EASTERN SAMAR,REGION VIII (EASTERN VISAYAS),16360,0.76,0
BALANGIGA,EASTERN SAMAR,REGION VIII (EASTERN VISAYAS),14341,1.18,0
BALANGKAYAN,EASTERN SAMAR,REGION VIII (EASTERN VISAYAS),10185,1.19,0
CITY OF BORONGAN (Capital),EASTERN SAMAR,REGION VIII (EASTERN VISAYAS),71961,1.11,0
CAN-AVID,EASTERN SAMAR,REGION VIII (EASTERN VISAYAS),21682,0.92,0
DOLORES,EASTERN SAMAR,REGION VIII (EASTERN VISAYAS),44626,1.64,0
GENERAL MACARTHUR,EASTERN SAMAR,REGION VIII (EASTERN VISAYAS),14411,1.67,0
GIPORLOS,EASTERN SAMAR,REGION VIII (EASTERN VISAYAS),13117,0.86,0
GUIUAN,EASTERN SAMAR,REGION VIII (EASTERN VISAYAS),53361,1.27,0
HERNANI,EASTERN SAMAR,REGION VIII (EASTERN VISAYAS),8531,0.56,0
JIPAPAD,EASTERN SAMAR,REGION VIII (EASTERN VISAYAS),8439,1.33,0
LAWAAN,EASTERN SAMAR,REGION VIII (EASTERN VISAYAS),13003,1.14,0
LLORENTE,EASTERN SAMAR,REGION VIII (EASTERN VISAYAS),21459,1.17,0
MASLOG,EASTERN SAMAR,REGION VIII (EASTERN VISAYAS),5463,1.34,0
MAYDOLONG,EASTERN SAMAR,REGION VIII (EASTERN VISAYAS),15314,1.18,0
MERCEDES,EASTERN SAMAR,REGION VIII (EASTERN VISAYAS),6112,1.3,0
ORAS,EASTERN SAMAR,REGION VIII (EASTERN VISAYAS),37451,0.75,0
QUINAPONDAN,EASTERN SAMAR,REGION VIII (EASTERN VISAYAS),14507,0.47,0
SALCEDO,EASTERN SAMAR,REGION VIII (EASTERN VISAYAS),22136,1.03,0
SAN JULIAN,EASTERN SAMAR,REGION VIII (EASTERN VISAYAS),14800,0.74,0
SAN POLICARPO,EASTERN SAMAR,REGION VIII (EASTERN VISAYAS),15365,1.05,0
SULAT,EASTERN SAMAR,REGION VIII (EASTERN VISAYAS),15758,0.37,0
TAFT,EASTERN SAMAR,REGION VIII (EASTERN VISAYAS),18786,0.9,0
ABUYOG,LEYTE,REGION VIII (EASTERN VISAYAS),61216,0.69,0
ALANGALANG,LEYTE,REGION VIII (EASTERN VISAYAS),57185,2.11,0
ALBUERA,LEYTE,REGION VIII (EASTERN VISAYAS),47151,1.52,0
BABATNGON,LEYTE,REGION VIII (EASTERN VISAYAS),28823,1.2,0
BARUGO,LEYTE,REGION VIII (EASTERN VISAYAS),34497,1.37,0
BATO,LEYTE,REGION VIII (EASTERN VISAYAS),38505,0.78,0
CITY OF BAYBAY,LEYTE,REGION VIII (EASTERN VISAYAS),111848,0.84,0
BURAUEN,LEYTE,REGION VIII (EASTERN VISAYAS),52511,0.72,0
CALUBIAN,LEYTE,REGION VIII (EASTERN VISAYAS),31646,0.66,0
CAPOOCAN,LEYTE,REGION VIII (EASTERN VISAYAS),33721,1.23,0
CARIGARA,LEYTE,REGION VIII (EASTERN VISAYAS),54656,1.42,0
DAGAMI,LEYTE,REGION VIII (EASTERN VISAYAS),36178,1.4,0
DULAG,LEYTE,REGION VIII (EASTERN VISAYAS),48992,1.61,0
HILONGOS,LEYTE,REGION VIII (EASTERN VISAYAS),64514,1.28,0
HINDANG,LEYTE,REGION VIII (EASTERN VISAYAS),20849,0.33,0
INOPACAN,LEYTE,REGION VIII (EASTERN VISAYAS),21389,0.72,0
ISABEL,LEYTE,REGION VIII (EASTERN VISAYAS),46781,0.71,0
JARO,LEYTE,REGION VIII (EASTERN VISAYAS),43758,1.01,0
JAVIER (BUGHO),LEYTE,REGION VIII (EASTERN VISAYAS),26658,1.11,0
JULITA,LEYTE,REGION VIII (EASTERN VISAYAS),15598,1.6,0
KANANGA,LEYTE,REGION VIII (EASTERN VISAYAS),59696,2.2,0
LA PAZ,LEYTE,REGION VIII (EASTERN VISAYAS),19174,0.02,0
LEYTE,LEYTE,REGION VIII (EASTERN VISAYAS),40397,0.74,0
MACARTHUR,LEYTE,REGION VIII (EASTERN VISAYAS),21578,1.43,0
MAHAPLAG,LEYTE,REGION VIII (EASTERN VISAYAS),27865,0.47,0
MATAG-OB,LEYTE,REGION VIII (EASTERN VISAYAS),17522,0.25,0
MATALOM,LEYTE,REGION VIII (EASTERN VISAYAS),32586,0.47,0
MAYORGA,LEYTE,REGION VIII (EASTERN VISAYAS),18071,2.09,0
MERIDA,LEYTE,REGION VIII (EASTERN VISAYAS),31574,1.49,0
ORMOC CITY,LEYTE,REGION VIII (EASTERN VISAYAS),230998,1.91,0
PALO,LEYTE,REGION VIII (EASTERN VISAYAS),76213,1.96,0
PALOMPON,LEYTE,REGION VIII (EASTERN VISAYAS),58313,0.74,0
PASTRANA,LEYTE,REGION VIII (EASTERN VISAYAS),19359,1.52,0
SAN ISIDRO,LEYTE,REGION VIII (EASTERN VISAYAS),30722,0.73,0
SAN MIGUEL,LEYTE,REGION VIII (EASTERN VISAYAS),19753,1.18,0
SANTA FE,LEYTE,REGION VIII (EASTERN VISAYAS),22102,2.4,0
TABANGO,LEYTE,REGION VIII (EASTERN VISAYAS),33868,0.59,0
TABONTABON,LEYTE,REGION VIII (EASTERN VISAYAS),11902,1.92,0
TANAUAN,LEYTE,REGION VIII (EASTERN VISAYAS),57455,1.37,0
TOLOSA,LEYTE,REGION VIII (EASTERN VISAYAS),20708,1.45,0
TUNGA,LEYTE,REGION VIII (EASTERN VISAYAS),7656,1.62,0
VILLABA,LEYTE,REGION VIII (EASTERN VISAYAS),42859,0.99,0
CITY OF TACLOBAN (Capital),NA,REGION VIII (EASTERN VISAYAS),251881,1.31,1
ALLEN,NORTHERN SAMAR,REGION VIII (EASTERN VISAYAS),25228,0.61,0
BIRI,NORTHERN SAMAR,REGION VIII (EASTERN VISAYAS),11274,0.26,0
BOBON,NORTHERN SAMAR,REGION VIII (EASTERN VISAYAS),25964,2.16,0
CAPUL,NORTHERN SAMAR,REGION VIII (EASTERN VISAYAS),12323,-0.27,0
CATARMAN (Capital),NORTHERN SAMAR,REGION VIII (EASTERN VISAYAS),97879,1.44,0
CATUBIG,NORTHERN SAMAR,REGION VIII (EASTERN VISAYAS),32174,0.14,0
GAMAY,NORTHERN SAMAR,REGION VIII (EASTERN VISAYAS),23367,0.41,0
LAOANG,NORTHERN SAMAR,REGION VIII (EASTERN VISAYAS),60607,0.43,0
LAPINIG,NORTHERN SAMAR,REGION VIII (EASTERN VISAYAS),11844,0.08,0
LAS NAVAS,NORTHERN SAMAR,REGION VIII (EASTERN VISAYAS),36621,0.02,0
LAVEZARES,NORTHERN SAMAR,REGION VIII (EASTERN VISAYAS),29390,0.68,0
MAPANAS,NORTHERN SAMAR,REGION VIII (EASTERN VISAYAS),14234,1.37,0
MONDRAGON,NORTHERN SAMAR,REGION VIII (EASTERN VISAYAS),41415,1.6,0
PALAPAG,NORTHERN SAMAR,REGION VIII (EASTERN VISAYAS),34034,0.17,0
PAMBUJAN,NORTHERN SAMAR,REGION VIII (EASTERN VISAYAS),35532,1.35,0
ROSARIO,NORTHERN SAMAR,REGION VIII (EASTERN VISAYAS),10949,0.7,0
SAN ANTONIO,NORTHERN SAMAR,REGION VIII (EASTERN VISAYAS),8882,0.01,0
SAN ISIDRO,NORTHERN SAMAR,REGION VIII (EASTERN VISAYAS),27867,1.11,0
SAN JOSE,NORTHERN SAMAR,REGION VIII (EASTERN VISAYAS),17641,0.93,0
SAN ROQUE,NORTHERN SAMAR,REGION VIII (EASTERN VISAYAS),29882,1.28,0
SAN VICENTE,NORTHERN SAMAR,REGION VIII (EASTERN VISAYAS),6928,-0.72,0
SILVINO LOBOS,NORTHERN SAMAR,REGION VIII (EASTERN VISAYAS),15100,0.54,0
VICTORIA,NORTHERN SAMAR,REGION VIII (EASTERN VISAYAS),15361,0.99,0
LOPE DE VEGA,NORTHERN SAMAR,REGION VIII (EASTERN VISAYAS),14690,0.82,0
ALMAGRO,SAMAR (WESTERN SAMAR),REGION VIII (EASTERN VISAYAS),9273,-1.71,0
BASEY,SAMAR (WESTERN SAMAR),REGION VIII (EASTERN VISAYAS),56685,1.18,0
CALBAYOG CITY,SAMAR (WESTERN SAMAR),REGION VIII (EASTERN VISAYAS),186960,0.79,0
CALBIGA,SAMAR (WESTERN SAMAR),REGION VIII (EASTERN VISAYAS),23310,0.84,0
CITY OF CATBALOGAN (Capital),SAMAR (WESTERN SAMAR),REGION VIII (EASTERN VISAYAS),106440,1.22,0
DARAM,SAMAR (WESTERN SAMAR),REGION VIII (EASTERN VISAYAS),41608,0.07,0
GANDARA,SAMAR (WESTERN SAMAR),REGION VIII (EASTERN VISAYAS),35242,0.99,0
HINABANGAN,SAMAR (WESTERN SAMAR),REGION VIII (EASTERN VISAYAS),13693,0.79,0
JIABONG,SAMAR (WESTERN SAMAR),REGION VIII (EASTERN VISAYAS),19205,1.18,0
MARABUT,SAMAR (WESTERN SAMAR),REGION VIII (EASTERN VISAYAS),17842,1.67,0
MATUGUINAO,SAMAR (WESTERN SAMAR),REGION VIII (EASTERN VISAYAS),7364,0.88,0
MOTIONG,SAMAR (WESTERN SAMAR),REGION VIII (EASTERN VISAYAS),15276,0.3,0
PINABACDAO,SAMAR (WESTERN SAMAR),REGION VIII (EASTERN VISAYAS),18136,1.13,0
SAN JOSE DE BUAN,SAMAR (WESTERN SAMAR),REGION VIII (EASTERN VISAYAS),7767,1.7,0
SAN SEBASTIAN,SAMAR (WESTERN SAMAR),REGION VIII (EASTERN VISAYAS),8704,1.22,0
SANTA MARGARITA,SAMAR (WESTERN SAMAR),REGION VIII (EASTERN VISAYAS),26816,0.76,0
SANTA RITA,SAMAR (WESTERN SAMAR),REGION VIII (EASTERN VISAYAS),42384,1.08,0
SANTO NIÑO,SAMAR (WESTERN SAMAR),REGION VIII (EASTERN VISAYAS),12519,-0.75,0
TALALORA,SAMAR (WESTERN SAMAR),REGION VIII (EASTERN VISAYAS),7856,-0.16,0
TARANGNAN,SAMAR (WESTERN SAMAR),REGION VIII (EASTERN VISAYAS),25713,0.63,0
VILLAREAL,SAMAR (WESTERN SAMAR),REGION VIII (EASTERN VISAYAS),27394,0.44,0
PARANAS (WRIGHT),SAMAR (WESTERN SAMAR),REGION VIII (EASTERN VISAYAS),32374,0.99,0
ZUMARRAGA,SAMAR (WESTERN SAMAR),REGION VIII (EASTERN VISAYAS),16279,-0.39,0
TAGAPUL-AN,SAMAR (WESTERN SAMAR),REGION VIII (EASTERN VISAYAS),8805,1.18,0
SAN JORGE,SAMAR (WESTERN SAMAR),REGION VIII (EASTERN VISAYAS),17579,0.73,0
PAGSANGHAN,SAMAR (WESTERN SAMAR),REGION VIII (EASTERN VISAYAS),7959,-0.08,0
ANAHAWAN,SOUTHERN LEYTE,REGION VIII (EASTERN VISAYAS),8429,0.6,0
BONTOC,SOUTHERN LEYTE,REGION VIII (EASTERN VISAYAS),29799,0.6,0
HINUNANGAN,SOUTHERN LEYTE,REGION VIII (EASTERN VISAYAS),29149,0.26,0
HINUNDAYAN,SOUTHERN LEYTE,REGION VIII (EASTERN VISAYAS),12398,0.42,0
LIBAGON,SOUTHERN LEYTE,REGION VIII (EASTERN VISAYAS),15244,0.6,0
LILOAN,SOUTHERN LEYTE,REGION VIII (EASTERN VISAYAS),24800,0.84,0
CITY OF MAASIN (Capital),SOUTHERN LEYTE,REGION VIII (EASTERN VISAYAS),87446,0.74,0
MACROHON,SOUTHERN LEYTE,REGION VIII (EASTERN VISAYAS),26580,0.46,0
MALITBOG,SOUTHERN LEYTE,REGION VIII (EASTERN VISAYAS),23256,0.55,0
PADRE BURGOS,SOUTHERN LEYTE,REGION VIII (EASTERN VISAYAS),11159,0.59,0
PINTUYAN,SOUTHERN LEYTE,REGION VIII (EASTERN VISAYAS),10202,0.97,0
SAINT BERNARD,SOUTHERN LEYTE,REGION VIII (EASTERN VISAYAS),28414,1.22,0
SAN FRANCISCO,SOUTHERN LEYTE,REGION VIII (EASTERN VISAYAS),13436,0.7,0
SAN JUAN (CABALIAN),SOUTHERN LEYTE,REGION VIII (EASTERN VISAYAS),14912,0.58,0
SAN RICARDO,SOUTHERN LEYTE,REGION VIII (EASTERN VISAYAS),10500,0.41,0
SILAGO,SOUTHERN LEYTE,REGION VIII (EASTERN VISAYAS),13116,0.64,0
SOGOD,SOUTHERN LEYTE,REGION VIII (EASTERN VISAYAS),47552,1.39,0
TOMAS OPPUS,SOUTHERN LEYTE,REGION VIII (EASTERN VISAYAS),16990,0.72,0
LIMASAWA,SOUTHERN LEYTE,REGION VIII (EASTERN VISAYAS),6191,0.59,0
CITY OF DAPITAN,ZAMBOANGA DEL NORTE,REGION IX (ZAMBOANGA PENINSULA),85202,0.96,0
CITY OF DIPOLOG (Capital),ZAMBOANGA DEL NORTE,REGION IX (ZAMBOANGA PENINSULA),138141,1.38,0
KATIPUNAN,ZAMBOANGA DEL NORTE,REGION IX (ZAMBOANGA PENINSULA),44661,0.3,0
LA LIBERTAD,ZAMBOANGA DEL NORTE,REGION IX (ZAMBOANGA PENINSULA),8119,0.44,0
LABASON,ZAMBOANGA DEL NORTE,REGION IX (ZAMBOANGA PENINSULA),43934,0.85,0
LILOY,ZAMBOANGA DEL NORTE,REGION IX (ZAMBOANGA PENINSULA),42213,0.79,0
MANUKAN,ZAMBOANGA DEL NORTE,REGION IX (ZAMBOANGA PENINSULA),36887,0.36,0
MUTIA,ZAMBOANGA DEL NORTE,REGION IX (ZAMBOANGA PENINSULA),11726,-0.21,0
PIÑAN (NEW PIÑAN),ZAMBOANGA DEL NORTE,REGION IX (ZAMBOANGA PENINSULA),20221,0.07,0
POLANCO,ZAMBOANGA DEL NORTE,REGION IX (ZAMBOANGA PENINSULA),42265,1.21,0
PRES. MANUEL A. ROXAS,ZAMBOANGA DEL NORTE,REGION IX (ZAMBOANGA PENINSULA),39198,0.41,0
RIZAL,ZAMBOANGA DEL NORTE,REGION IX (ZAMBOANGA PENINSULA),15052,0.65,0
SALUG,ZAMBOANGA DEL NORTE,REGION IX (ZAMBOANGA PENINSULA),32134,0.31,0
SERGIO OSMEÑA SR.,ZAMBOANGA DEL NORTE,REGION IX (ZAMBOANGA PENINSULA),31942,0.81,0
SIAYAN,ZAMBOANGA DEL NORTE,REGION IX (ZAMBOANGA PENINSULA),36236,0.35,0
SIBUCO,ZAMBOANGA DEL NORTE,REGION IX (ZAMBOANGA PENINSULA),36049,1.2,0
SIBUTAD,ZAMBOANGA DEL NORTE,REGION IX (ZAMBOANGA PENINSULA),17453,0.39,0
SINDANGAN,ZAMBOANGA DEL NORTE,REGION IX (ZAMBOANGA PENINSULA),103952,0.99,0
SIOCON,ZAMBOANGA DEL NORTE,REGION IX (ZAMBOANGA PENINSULA),48524,1.54,0
SIRAWAI,ZAMBOANGA DEL NORTE,REGION IX (ZAMBOANGA PENINSULA),31163,2.4,0
TAMPILISAN,ZAMBOANGA DEL NORTE,REGION IX (ZAMBOANGA PENINSULA),24680,0.68,0
JOSE DALMAN (PONOT),ZAMBOANGA DEL NORTE,REGION IX (ZAMBOANGA PENINSULA),28881,0.66,0
GUTALAC,ZAMBOANGA DEL NORTE,REGION IX (ZAMBOANGA PENINSULA),36090,1.16,0
BALIGUIAN,ZAMBOANGA DEL NORTE,REGION IX (ZAMBOANGA PENINSULA),23771,1.16,0
GODOD,ZAMBOANGA DEL NORTE,REGION IX (ZAMBOANGA PENINSULA),17510,-0.16,0
BACUNGAN (LEON T. POSTIGO),ZAMBOANGA DEL NORTE,REGION IX (ZAMBOANGA PENINSULA),27639,1.15,0
KALAWIT,ZAMBOANGA DEL NORTE,REGION IX (ZAMBOANGA PENINSULA),23812,0.72,0
AURORA,ZAMBOANGA DEL SUR,REGION IX (ZAMBOANGA PENINSULA),52995,0.9,0
BAYOG,ZAMBOANGA DEL SUR,REGION IX (ZAMBOANGA PENINSULA),34519,1.4,0
DIMATALING,ZAMBOANGA DEL SUR,REGION IX (ZAMBOANGA PENINSULA),31340,1.24,0
DINAS,ZAMBOANGA DEL SUR,REGION IX (ZAMBOANGA PENINSULA),36291,0.43,0
DUMALINAO,ZAMBOANGA DEL SUR,REGION IX (ZAMBOANGA PENINSULA),32928,0.71,0
DUMINGAG,ZAMBOANGA DEL SUR,REGION IX (ZAMBOANGA PENINSULA),48881,0.5,0
KUMALARANG,ZAMBOANGA DEL SUR,REGION IX (ZAMBOANGA PENINSULA),29479,0.44,0
LABANGAN,ZAMBOANGA DEL SUR,REGION IX (ZAMBOANGA PENINSULA),44262,1.23,0
LAPUYAN,ZAMBOANGA DEL SUR,REGION IX (ZAMBOANGA PENINSULA),27737,0.58,0
MAHAYAG,ZAMBOANGA DEL SUR,REGION IX (ZAMBOANGA PENINSULA),48258,0.7,0
MARGOSATUBIG,ZAMBOANGA DEL SUR,REGION IX (ZAMBOANGA PENINSULA),38660,0.83,0
MIDSALIP,ZAMBOANGA DEL SUR,REGION IX (ZAMBOANGA PENINSULA),33711,0.69,0
MOLAVE,ZAMBOANGA DEL SUR,REGION IX (ZAMBOANGA PENINSULA),53140,0.83,0
CITY OF PAGADIAN (Capital),ZAMBOANGA DEL SUR,REGION IX (ZAMBOANGA PENINSULA),210452,1.2,0
RAMON MAGSAYSAY (LIARGO),ZAMBOANGA DEL SUR,REGION IX (ZAMBOANGA PENINSULA),27280,0.41,0
SAN MIGUEL,ZAMBOANGA DEL SUR,REGION IX (ZAMBOANGA PENINSULA),19838,0.83,0
SAN PABLO,ZAMBOANGA DEL SUR,REGION IX (ZAMBOANGA PENINSULA),26648,0.06,0
TABINA,ZAMBOANGA DEL SUR,REGION IX (ZAMBOANGA PENINSULA),25734,0.65,0
TAMBULIG,ZAMBOANGA DEL SUR,REGION IX (ZAMBOANGA PENINSULA),37480,0.72,0
TUKURAN,ZAMBOANGA DEL SUR,REGION IX (ZAMBOANGA PENINSULA),42429,1.14,0
LAKEWOOD,ZAMBOANGA DEL SUR,REGION IX (ZAMBOANGA PENINSULA),21559,0.93,0
JOSEFINA,ZAMBOANGA DEL SUR,REGION IX (ZAMBOANGA PENINSULA),12205,1.21,0
PITOGO,ZAMBOANGA DEL SUR,REGION IX (ZAMBOANGA PENINSULA),27516,0.76,0
SOMINOT (DON MARIANO MARCOS),ZAMBOANGA DEL SUR,REGION IX (ZAMBOANGA PENINSULA),19061,1.36,0
VINCENZO A. SAGUN,ZAMBOANGA DEL SUR,REGION IX (ZAMBOANGA PENINSULA),24852,1.9,0
GUIPOS,ZAMBOANGA DEL SUR,REGION IX (ZAMBOANGA PENINSULA),21738,0.95,0
TIGBAO,ZAMBOANGA DEL SUR,REGION IX (ZAMBOANGA PENINSULA),21675,1.17,0
CITY OF ZAMBOANGA ,NA,REGION IX (ZAMBOANGA PENINSULA),977234,1.93,1
ALICIA,ZAMBOANGA SIBUGAY ,REGION IX (ZAMBOANGA PENINSULA),39456,1.23,0
BUUG,ZAMBOANGA SIBUGAY ,REGION IX (ZAMBOANGA PENINSULA),38425,0.66,0
DIPLAHAN,ZAMBOANGA SIBUGAY ,REGION IX (ZAMBOANGA PENINSULA),32585,0.43,0
IMELDA,ZAMBOANGA SIBUGAY ,REGION IX (ZAMBOANGA PENINSULA),26020,-0.7,0
IPIL (Capital),ZAMBOANGA SIBUGAY ,REGION IX (ZAMBOANGA PENINSULA),89401,3.25,0
KABASALAN,ZAMBOANGA SIBUGAY ,REGION IX (ZAMBOANGA PENINSULA),46884,1.25,0
MABUHAY,ZAMBOANGA SIBUGAY ,REGION IX (ZAMBOANGA PENINSULA),37390,1.23,0
MALANGAS,ZAMBOANGA SIBUGAY ,REGION IX (ZAMBOANGA PENINSULA),32022,0.25,0
NAGA,ZAMBOANGA SIBUGAY ,REGION IX (ZAMBOANGA PENINSULA),41743,0.99,0
OLUTANGA,ZAMBOANGA SIBUGAY ,REGION IX (ZAMBOANGA PENINSULA),38438,2.96,0
PAYAO,ZAMBOANGA SIBUGAY ,REGION IX (ZAMBOANGA PENINSULA),34952,1.62,0
ROSELLER LIM,ZAMBOANGA SIBUGAY ,REGION IX (ZAMBOANGA PENINSULA),43575,1.59,0
SIAY,ZAMBOANGA SIBUGAY ,REGION IX (ZAMBOANGA PENINSULA),40585,0.6,0
TALUSAN,ZAMBOANGA SIBUGAY ,REGION IX (ZAMBOANGA PENINSULA),27873,0.99,0
TITAY,ZAMBOANGA SIBUGAY ,REGION IX (ZAMBOANGA PENINSULA),53994,1.51,0
TUNGAWAN,ZAMBOANGA SIBUGAY ,REGION IX (ZAMBOANGA PENINSULA),46497,1.38,0
CITY OF ISABELLA ,NA,REGION IX (ZAMBOANGA PENINSULA),130379,2.91,1
BAUNGON,BUKIDNON,REGION X (NORTHERN MINDANAO),37111,1.22,0
DAMULOG,BUKIDNON,REGION X (NORTHERN MINDANAO),39322,4.41,0
DANGCAGAN,BUKIDNON,REGION X (NORTHERN MINDANAO),26076,1.51,0
DON CARLOS,BUKIDNON,REGION X (NORTHERN MINDANAO),69273,0.74,0
IMPASUG-ONG,BUKIDNON,REGION X (NORTHERN MINDANAO),53863,2.14,0
KADINGILAN,BUKIDNON,REGION X (NORTHERN MINDANAO),33735,0.61,0
KALILANGAN,BUKIDNON,REGION X (NORTHERN MINDANAO),43711,0.93,0
KIBAWE,BUKIDNON,REGION X (NORTHERN MINDANAO),41897,1.59,0
KITAOTAO,BUKIDNON,REGION X (NORTHERN MINDANAO),53796,0.84,0
LANTAPAN,BUKIDNON,REGION X (NORTHERN MINDANAO),65974,1.66,0
LIBONA,BUKIDNON,REGION X (NORTHERN MINDANAO),48965,2.2,0
CITY OF MALAYBALAY (Capital),BUKIDNON,REGION X (NORTHERN MINDANAO),190712,2.22,0
MALITBOG,BUKIDNON,REGION X (NORTHERN MINDANAO),26741,1.57,0
MANOLO FORTICH,BUKIDNON,REGION X (NORTHERN MINDANAO),113200,2.2,0
MARAMAG,BUKIDNON,REGION X (NORTHERN MINDANAO),108293,1.76,0
PANGANTUCAN,BUKIDNON,REGION X (NORTHERN MINDANAO),56580,1.49,0
QUEZON,BUKIDNON,REGION X (NORTHERN MINDANAO),109624,1.49,0
SAN FERNANDO,BUKIDNON,REGION X (NORTHERN MINDANAO),63045,2.3,0
SUMILAO,BUKIDNON,REGION X (NORTHERN MINDANAO),29531,1.41,0
TALAKAG,BUKIDNON,REGION X (NORTHERN MINDANAO),77027,1.38,0
CITY OF VALENCIA,BUKIDNON,REGION X (NORTHERN MINDANAO),216546,1.78,0
CABANGLASAN,BUKIDNON,REGION X (NORTHERN MINDANAO),36286,1.13,0
CATARMAN,CAMIGUIN,REGION X (NORTHERN MINDANAO),17569,0.7,0
GUINSILIBAN,CAMIGUIN,REGION X (NORTHERN MINDANAO),6685,1.82,0
MAHINOG,CAMIGUIN,REGION X (NORTHERN MINDANAO),14634,0.79,0
MAMBAJAO (Capital),CAMIGUIN,REGION X (NORTHERN MINDANAO),41094,1.21,0
SAGAY,CAMIGUIN,REGION X (NORTHERN MINDANAO),12826,0.77,0
BACOLOD,LANAO DEL NORTE,REGION X (NORTHERN MINDANAO),24367,1.11,0
BALOI,LANAO DEL NORTE,REGION X (NORTHERN MINDANAO),68465,3.11,0
BAROY,LANAO DEL NORTE,REGION X (NORTHERN MINDANAO),24683,1.65,0
KAPATAGAN,LANAO DEL NORTE,REGION X (NORTHERN MINDANAO),62571,1.5,0
SULTAN NAGA DIMAPORO (KAROMATAN),LANAO DEL NORTE,REGION X (NORTHERN MINDANAO),60904,1.51,0
KAUSWAGAN,LANAO DEL NORTE,REGION X (NORTHERN MINDANAO),24193,0.08,0
KOLAMBUGAN,LANAO DEL NORTE,REGION X (NORTHERN MINDANAO),28265,0.67,0
LALA,LANAO DEL NORTE,REGION X (NORTHERN MINDANAO),73425,1.17,0
LINAMON,LANAO DEL NORTE,REGION X (NORTHERN MINDANAO),21269,1.98,0
MAGSAYSAY,LANAO DEL NORTE,REGION X (NORTHERN MINDANAO),20463,2.21,0
MAIGO,LANAO DEL NORTE,REGION X (NORTHERN MINDANAO),23337,1.49,0
MATUNGAO,LANAO DEL NORTE,REGION X (NORTHERN MINDANAO),14756,1.9,0
MUNAI,LANAO DEL NORTE,REGION X (NORTHERN MINDANAO),35020,2.41,0
NUNUNGAN,LANAO DEL NORTE,REGION X (NORTHERN MINDANAO),18827,1.45,0
PANTAO RAGAT,LANAO DEL NORTE,REGION X (NORTHERN MINDANAO),30247,2.72,0
POONA PIAGAPO,LANAO DEL NORTE,REGION X (NORTHERN MINDANAO),29183,2.21,0
SALVADOR,LANAO DEL NORTE,REGION X (NORTHERN MINDANAO),32115,1.62,0
SAPAD,LANAO DEL NORTE,REGION X (NORTHERN MINDANAO),22974,1.66,0
TAGOLOAN,LANAO DEL NORTE,REGION X (NORTHERN MINDANAO),15091,2.6,0
TANGCAL,LANAO DEL NORTE,REGION X (NORTHERN MINDANAO),16075,2.47,0
TUBOD (Capital),LANAO DEL NORTE,REGION X (NORTHERN MINDANAO),50073,0.78,0
PANTAR,LANAO DEL NORTE,REGION X (NORTHERN MINDANAO),26599,3.73,0
CITY OF ILIGAN,NA ,REGION X (NORTHERN MINDANAO),363115,1.18,0
ALORAN,MISAMIS OCCIDENTAL,REGION X (NORTHERN MINDANAO),27934,0.48,0
BALIANGAO,MISAMIS OCCIDENTAL,REGION X (NORTHERN MINDANAO),18433,1.33,0
BONIFACIO,MISAMIS OCCIDENTAL,REGION X (NORTHERN MINDANAO),34558,1.12,0
CALAMBA,MISAMIS OCCIDENTAL,REGION X (NORTHERN MINDANAO),23227,1.01,0
CLARIN,MISAMIS OCCIDENTAL,REGION X (NORTHERN MINDANAO),39356,1.01,0
CONCEPCION,MISAMIS OCCIDENTAL,REGION X (NORTHERN MINDANAO),9324,2.32,0
JIMENEZ,MISAMIS OCCIDENTAL,REGION X (NORTHERN MINDANAO),28909,1.37,0
LOPEZ JAENA,MISAMIS OCCIDENTAL,REGION X (NORTHERN MINDANAO),25507,0.71,0
CITY OF OROQUIETA (Capital),MISAMIS OCCIDENTAL,REGION X (NORTHERN MINDANAO),72301,0.48,0
CITY OF OZAMIZ,MISAMIS OCCIDENTAL,REGION X (NORTHERN MINDANAO),140334,0.65,0
PANAON,MISAMIS OCCIDENTAL,REGION X (NORTHERN MINDANAO),10797,0.59,0
PLARIDEL,MISAMIS OCCIDENTAL,REGION X (NORTHERN MINDANAO),39840,1.23,0
SAPANG DALAGA,MISAMIS OCCIDENTAL,REGION X (NORTHERN MINDANAO),20490,0.53,0
SINACABAN,MISAMIS OCCIDENTAL,REGION X (NORTHERN MINDANAO),19671,0.56,0
CITY OF TANGUB,MISAMIS OCCIDENTAL,REGION X (NORTHERN MINDANAO),68389,1.33,0
TUDELA,MISAMIS OCCIDENTAL,REGION X (NORTHERN MINDANAO),28599,0.44,0
DON VICTORIANO CHIONGBIAN (DON MARIANO MARCOS),MISAMIS OCCIDENTAL,REGION X (NORTHERN MINDANAO),9664,-0.11,0
CITY OF CAGAYAN DE ORO (Capital) ,NA ,REGION X (NORTHERN MINDANAO),728402,1.92,0
COMPOSTELA,DAVAO DE ORO (COMPOSTELA VALLEY) 1,REGION XI (DAVAO REGION),89884,0.93,0
LAAK (SAN VICENTE),DAVAO DE ORO (COMPOSTELA VALLEY) 1,REGION XI (DAVAO REGION),79744,1.19,0
MABINI (DOÑA ALICIA),DAVAO DE ORO (COMPOSTELA VALLEY) 1,REGION XI (DAVAO REGION),43552,1.7,0
MACO,DAVAO DE ORO (COMPOSTELA VALLEY) 1,REGION XI (DAVAO REGION),83237,1.43,0
MARAGUSAN (SAN MARIANO),DAVAO DE ORO (COMPOSTELA VALLEY) 1,REGION XI (DAVAO REGION),64412,1.5,0
MAWAB,DAVAO DE ORO (COMPOSTELA VALLEY) 1,REGION XI (DAVAO REGION),39631,1.05,0
MONKAYO,DAVAO DE ORO (COMPOSTELA VALLEY) 1,REGION XI (DAVAO REGION),93937,-0.09,0
MONTEVISTA,DAVAO DE ORO (COMPOSTELA VALLEY) 1,REGION XI (DAVAO REGION),46558,1.63,0
NABUNTURAN (Capital),DAVAO DE ORO (COMPOSTELA VALLEY) 1,REGION XI (DAVAO REGION),84340,1.43,0
NEW BATAAN,DAVAO DE ORO (COMPOSTELA VALLEY) 1,REGION XI (DAVAO REGION),51466,0.81,0
PANTUKAN,DAVAO DE ORO (COMPOSTELA VALLEY) 1,REGION XI (DAVAO REGION),90786,1.39,0
ASUNCION (SAUG),DAVAO DEL NORTE,REGION XI (DAVAO REGION),61893,1.03,0
CARMEN,DAVAO DEL NORTE,REGION XI (DAVAO REGION),82018,1.71,0
KAPALONG,DAVAO DEL NORTE,REGION XI (DAVAO REGION),81068,1.73,0
NEW CORELLA,DAVAO DEL NORTE,REGION XI (DAVAO REGION),57913,1.34,0
CITY OF PANABO,DAVAO DEL NORTE,REGION XI (DAVAO REGION),209230,1.84,0
ISLAND GARDEN CITY OF SAMAL,DAVAO DEL NORTE,REGION XI (DAVAO REGION),116771,1.99,0
SANTO TOMAS,DAVAO DEL NORTE,REGION XI (DAVAO REGION),128667,1.65,0
CITY OF TAGUM (Capital),DAVAO DEL NORTE,REGION XI (DAVAO REGION),296202,2.01,0
TALAINGOD,DAVAO DEL NORTE,REGION XI (DAVAO REGION),28333,1.03,0
BRAULIO E. DUJALI,DAVAO DEL NORTE,REGION XI (DAVAO REGION),35729,2.34,0
SAN ISIDRO,DAVAO DEL NORTE,REGION XI (DAVAO REGION),27233,0.64,0
BANSALAN,DAVAO DEL SUR ,REGION XI (DAVAO REGION),62737,1.05,0
CITY OF DIGOS (Capital),DAVAO DEL SUR ,REGION XI (DAVAO REGION),188376,2.31,0
HAGONOY,DAVAO DEL SUR ,REGION XI (DAVAO REGION),56919,1.49,0
KIBLAWAN,DAVAO DEL SUR ,REGION XI (DAVAO REGION),49381,1.02,0
MAGSAYSAY,DAVAO DEL SUR ,REGION XI (DAVAO REGION),56263,1.36,0
MALALAG,DAVAO DEL SUR ,REGION XI (DAVAO REGION),40158,1.3,0
MATANAO,DAVAO DEL SUR ,REGION XI (DAVAO REGION),60493,1.64,0
PADADA,DAVAO DEL SUR ,REGION XI (DAVAO REGION),29878,1.51,0
SANTA CRUZ,DAVAO DEL SUR ,REGION XI (DAVAO REGION),101125,2.23,0
SULOP,DAVAO DEL SUR ,REGION XI (DAVAO REGION),35151,0.89,0
CITY OF DAVAO,NA,REGION XI (DAVAO REGION),1776949,2.06,1
DON MARCELINO,DAVAO OCCIDENTAL,REGION XI (DAVAO REGION),45540,0.83,0
JOSE ABAD SANTOS (TRINIDAD),DAVAO OCCIDENTAL,REGION XI (DAVAO REGION),73381,0.53,0
MALITA,DAVAO OCCIDENTAL,REGION XI (DAVAO REGION),118197,0.76,0
SANTA MARIA,DAVAO OCCIDENTAL,REGION XI (DAVAO REGION),57526,1.54,0
SARANGANI,DAVAO OCCIDENTAL,REGION XI (DAVAO REGION),22515,-0.34,0
ALAMADA,COTABATO (NORTH COTABATO),REGION XII (SOCCSKSARGEN),68659,1.91,0
CARMEN,COTABATO (NORTH COTABATO),REGION XII (SOCCSKSARGEN),107603,2.69,0
KABACAN,COTABATO (NORTH COTABATO),REGION XII (SOCCSKSARGEN),93822,1.44,0
CITY OF KIDAPAWAN (Capital),COTABATO (NORTH COTABATO),REGION XII (SOCCSKSARGEN),160791,2.51,0
LIBUNGAN,COTABATO (NORTH COTABATO),REGION XII (SOCCSKSARGEN),56269,2.19,0
MAGPET,COTABATO (NORTH COTABATO),REGION XII (SOCCSKSARGEN),53800,1.76,0
MAKILALA,COTABATO (NORTH COTABATO),REGION XII (SOCCSKSARGEN),87927,1.27,0
MATALAM,COTABATO (NORTH COTABATO),REGION XII (SOCCSKSARGEN),81355,0.95,0
MIDSAYAP,COTABATO (NORTH COTABATO),REGION XII (SOCCSKSARGEN),165376,2.11,0
M'LANG,COTABATO (NORTH COTABATO),REGION XII (SOCCSKSARGEN),98195,1.13,0
PIGKAWAYAN,COTABATO (NORTH COTABATO),REGION XII (SOCCSKSARGEN),72371,1.89,0
PIKIT,COTABATO (NORTH COTABATO),REGION XII (SOCCSKSARGEN),164646,3.83,0
PRESIDENT ROXAS,COTABATO (NORTH COTABATO),REGION XII (SOCCSKSARGEN),52512,1.73,0
TULUNAN,COTABATO (NORTH COTABATO),REGION XII (SOCCSKSARGEN),60978,1.06,0
ANTIPAS,COTABATO (NORTH COTABATO),REGION XII (SOCCSKSARGEN),26817,0.61,0
BANISILAN,COTABATO (NORTH COTABATO),REGION XII (SOCCSKSARGEN),46995,1.65,0
ALEOSAN,COTABATO (NORTH COTABATO),REGION XII (SOCCSKSARGEN),41944,1.61,0
ARAKAN,COTABATO (NORTH COTABATO),REGION XII (SOCCSKSARGEN),50558,1.5,0
ALABEL (Capital),SARANGANI,REGION XII (SOCCSKSARGEN),88294,1.58,0
GLAN,SARANGANI,REGION XII (SOCCSKSARGEN),109547,0.28,0
KIAMBA,SARANGANI,REGION XII (SOCCSKSARGEN),65774,1.83,0
MAASIM,SARANGANI,REGION XII (SOCCSKSARGEN),64940,2.06,0
MAITUM,SARANGANI,REGION XII (SOCCSKSARGEN),44185,0.59,0
MALAPATAN,SARANGANI,REGION XII (SOCCSKSARGEN),80741,1.1,0
MALUNGON,SARANGANI,REGION XII (SOCCSKSARGEN),105465,1.04,0
BANGA,SOUTH COTABATO ,REGION XII (SOCCSKSARGEN),89164,1.56,0
CITY OF KORONADAL (Capital),SOUTH COTABATO ,REGION XII (SOCCSKSARGEN),195398,2.13,0
NORALA,SOUTH COTABATO ,REGION XII (SOCCSKSARGEN),46682,0.45,0
POLOMOLOK,SOUTH COTABATO ,REGION XII (SOCCSKSARGEN),172605,2.24,0
SURALLAH,SOUTH COTABATO ,REGION XII (SOCCSKSARGEN),89340,1.62,0
TAMPAKAN,SOUTH COTABATO ,REGION XII (SOCCSKSARGEN),41018,1.24,0
TANTANGAN,SOUTH COTABATO ,REGION XII (SOCCSKSARGEN),45744,1.23,0
T'BOLI,SOUTH COTABATO ,REGION XII (SOCCSKSARGEN),101049,2.47,0
TUPI,SOUTH COTABATO ,REGION XII (SOCCSKSARGEN),73459,1.73,0
SANTO NIÑO,SOUTH COTABATO ,REGION XII (SOCCSKSARGEN),39796,0.01,0
LAKE SEBU,SOUTH COTABATO ,REGION XII (SOCCSKSARGEN),81221,0.64,0
CITY OF GENERAL SANTOS (DADIANGAS),NA,REGION XII (SOCCSKSARGEN),697315,2.62,1
BAGUMBAYAN,SULTAN KUDARAT,REGION XII (SOCCSKSARGEN),68947,0.79,0
COLUMBIO,SULTAN KUDARAT,REGION XII (SOCCSKSARGEN),33527,2.02,0
ESPERANZA,SULTAN KUDARAT,REGION XII (SOCCSKSARGEN),74696,1.68,0
ISULAN (Capital),SULTAN KUDARAT,REGION XII (SOCCSKSARGEN),97490,1.19,0
KALAMANSIG,SULTAN KUDARAT,REGION XII (SOCCSKSARGEN),50900,0.93,0
LEBAK,SULTAN KUDARAT,REGION XII (SOCCSKSARGEN),91344,0.93,0
LUTAYAN,SULTAN KUDARAT,REGION XII (SOCCSKSARGEN),65644,1.57,0
LAMBAYONG (MARIANO MARCOS),SULTAN KUDARAT,REGION XII (SOCCSKSARGEN),79739,1.98,0
PALIMBANG,SULTAN KUDARAT,REGION XII (SOCCSKSARGEN),92828,1.09,0
PRESIDENT QUIRINO,SULTAN KUDARAT,REGION XII (SOCCSKSARGEN),42244,0.87,0
CITY OF TACURONG,SULTAN KUDARAT,REGION XII (SOCCSKSARGEN),109319,2.05,0
SEN. NINOY AQUINO,SULTAN KUDARAT,REGION XII (SOCCSKSARGEN),47374,0.85,0
CITY OF COTABATO,NA ,REGION XII (SOCCSKSARGEN),325079,1.81,0
CITY OF LAMITAN,BASILAN,BARMM,100150,3.79,0
LANTAWAN,BASILAN,BARMM,31040,4.44,0
MALUSO,BASILAN,BARMM,45730,3.07,0
SUMISIP,BASILAN,BARMM,47345,2.49,0
TIPO-TIPO,BASILAN,BARMM,25531,4.16,0
TUBURAN,BASILAN,BARMM,24742,2.68,0
AKBAR,BASILAN,BARMM,23098,5.62,0
AL-BARKA,BASILAN,BARMM,23736,1.97,0
HADJI MOHAMMAD AJUL,BASILAN,BARMM,24625,4.43,0
UNGKAYA PUKAN,BASILAN,BARMM,24016,3.1,0
HADJI MUHTAMAD,BASILAN,BARMM,26867,8.16,0
TABUAN-LASA,BASILAN,BARMM,29327,4.64,0
BACOLOD-KALAWI (BACOLOD GRANDE),LANAO DEL SUR,BARMM,23129,2.23,0
BALABAGAN,LANAO DEL SUR,BARMM,29863,1.74,0
BALINDONG (WATU),LANAO DEL SUR,BARMM,32573,2.27,0
BAYANG,LANAO DEL SUR,BARMM,28023,2.7,0
BINIDAYAN,LANAO DEL SUR,BARMM,25965,2.91,0
BUBONG,LANAO DEL SUR,BARMM,26514,3.14,0
BUTIG,LANAO DEL SUR,BARMM,22768,3.18,0
GANASSI,LANAO DEL SUR,BARMM,30802,4.3,0
KAPAI,LANAO DEL SUR,BARMM,20581,1.71,0
LUMBA-BAYABAO (MAGUING),LANAO DEL SUR,BARMM,45909,3.54,0
LUMBATAN,LANAO DEL SUR,BARMM,22780,3.14,0
MADALUM,LANAO DEL SUR,BARMM,26478,2.72,0
MADAMBA,LANAO DEL SUR,BARMM,22050,3.56,0
MALABANG,LANAO DEL SUR,BARMM,49088,2.4,0
MARANTAO,LANAO DEL SUR,BARMM,37763,2.83,0
MARAWI CITY (Capital),LANAO DEL SUR,BARMM,207010,1.02,0
MASIU,LANAO DEL SUR,BARMM,33580,2.92,0
MULONDO,LANAO DEL SUR,BARMM,19932,3.54,0
PAGAYAWAN (TATARIKAN),LANAO DEL SUR,BARMM,15057,2.87,0
PIAGAPO,LANAO DEL SUR,BARMM,30132,3.2,0
POONA BAYABAO (GATA),LANAO DEL SUR,BARMM,31141,4.94,0
PUALAS,LANAO DEL SUR,BARMM,14526,2.67,0
DITSAAN-RAMAIN,LANAO DEL SUR,BARMM,24406,1.9,0
SAGUIARAN,LANAO DEL SUR,BARMM,26712,1.65,0
TAMPARAN,LANAO DEL SUR,BARMM,32074,3.67,0
TARAKA,LANAO DEL SUR,BARMM,27184,2.67,0
TUBARAN,LANAO DEL SUR,BARMM,16896,2.71,0
TUGAYA,LANAO DEL SUR,BARMM,24778,1.09,0
WAO,LANAO DEL SUR,BARMM,50366,2.21,0
MAROGONG,LANAO DEL SUR,BARMM,30118,4.97,0
CALANOGAS,LANAO DEL SUR,BARMM,14985,2.25,0
BUADIPOSO-BUNTONG,LANAO DEL SUR,BARMM,18046,1.43,0
MAGUING,LANAO DEL SUR,BARMM,30436,3.56,0
PICONG (SULTAN GUMANDER),LANAO DEL SUR,BARMM,18907,2.95,0
LUMBAYANAGUE,LANAO DEL SUR,BARMM,19091,2.92,0
AMAI MANABILANG (BUMBARAN) 2,LANAO DEL SUR,BARMM,12124,3.33,0
TAGOLOAN II,LANAO DEL SUR,BARMM,12602,2.5,0
KAPATAGAN,LANAO DEL SUR,BARMM,20498,4.31,0
SULTAN DUMALONDONG,LANAO DEL SUR,BARMM,12500,1.74,0
LUMBACA-UNAYAN,LANAO DEL SUR,BARMM,8131,2.62,0
AMPATUAN,MAGUINDANAO,BARMM,28941,4.98,0
BULDON,MAGUINDANAO,BARMM,39684,1.64,0
BULUAN,MAGUINDANAO,BARMM,57406,4.18,0
DATU PAGLAS,MAGUINDANAO,BARMM,33682,5.19,0
DATU PIANG,MAGUINDANAO,BARMM,28380,-0.04,0
DATU ODIN SINSUAT (DINAIG),MAGUINDANAO,BARMM,116768,4.34,0
SHARIFF AGUAK (MAGANOY) (Capital),MAGUINDANAO,BARMM,33982,-0.12,0
MATANOG,MAGUINDANAO,BARMM,36034,4.47,0
PAGALUNGAN,MAGUINDANAO,BARMM,46277,3.79,0
PARANG,MAGUINDANAO,BARMM,102914,3.44,0
SULTAN KUDARAT (NULING),MAGUINDANAO,BARMM,105121,2.42,0
SULTAN SA BARONGIS (LAMBAYONG),MAGUINDANAO,BARMM,24476,0.82,0
KABUNTALAN (TUMBAO),MAGUINDANAO,BARMM,25439,4.24,0
UPI,MAGUINDANAO,BARMM,59004,2.64,0
TALAYAN,MAGUINDANAO,BARMM,34156,7.84,0
SOUTH UPI,MAGUINDANAO,BARMM,43197,1.84,0
BARIRA,MAGUINDANAO,BARMM,36143,6.26,0
GEN. S.K. PENDATUN,MAGUINDANAO,BARMM,31263,2.68,0
MAMASAPANO,MAGUINDANAO,BARMM,27807,2.2,0
TALITAY,MAGUINDANAO,BARMM,17463,2.74,0
PAGAGAWAN,MAGUINDANAO,BARMM,37314,1.78,0
PAGLAT,MAGUINDANAO,BARMM,18727,5.26,0
SULTAN MASTURA,MAGUINDANAO,BARMM,25331,1.55,0
GUINDULUNGAN,MAGUINDANAO,BARMM,24933,4.49,0
DATU SAUDI-AMPATUAN,MAGUINDANAO,BARMM,31060,4.33,0
DATU UNSAY,MAGUINDANAO,BARMM,12890,0.32,0
DATU ABDULLAH SANGKI,MAGUINDANAO,BARMM,30117,5.83,0
RAJAH BUAYAN,MAGUINDANAO,BARMM,27832,4.79,0
DATU BLAH T. SINSUAT,MAGUINDANAO,BARMM,28243,5.5,0
DATU ANGGAL MIDTIMBANG,MAGUINDANAO,BARMM,28224,7.78,0
MANGUDADATU,MAGUINDANAO,BARMM,26203,5.83,0
PANDAG,MAGUINDANAO,BARMM,26356,6.68,0
NORTHERN KABUNTALAN,MAGUINDANAO,BARMM,26277,6.3,0
DATU HOFFER AMPATUAN,MAGUINDANAO,BARMM,26660,5.04,0
DATU SALIBO,MAGUINDANAO,BARMM,18795,2.24,0
SHARIFF SAYDONA MUSTAPHA,MAGUINDANAO,BARMM,25080,4.31,0
INDANAN,SULU,BARMM,93168,3.53,0
JOLO (Capital),SULU,BARMM,137266,1.5,0
KALINGALAN CALUANG,SULU,BARMM,39549,3.95,0
LUUK,SULU,BARMM,37873,2.39,0
MAIMBUNG,SULU,BARMM,59597,7.67,0
HADJI PANGLIMA TAHIL (MARUNGGAS),SULU,BARMM,7906,3.06,0
OLD PANAMAO,SULU,BARMM,49849,2.77,0
PANGUTARAN,SULU,BARMM,36374,2.48,0
PARANG,SULU,BARMM,71495,2.11,0
PATA,SULU,BARMM,24736,5.18,0
PATIKUL,SULU,BARMM,79564,6.58,0
SIASI,SULU,BARMM,81689,2.43,0
TALIPAO,SULU,BARMM,100088,2.9,0
TAPUL,SULU,BARMM,20799,2.42,0
TONGKIL,SULU,BARMM,35616,7.17,0
PANGLIMA ESTINO (NEW PANAMAO),SULU,BARMM,34249,2.13,0
LUGUS,SULU,BARMM,29043,3.88,0
PANDAMI,SULU,BARMM,33177,3.97,0
OMAR,SULU,BARMM,28070,4.48,0
PANGLIMA SUGALA (BALIMBING),TAWI-TAWI,BARMM,48055,2.19,0
BONGAO (Capital),TAWI-TAWI,BARMM,116118,3.88,0
MAPUN (CAGAYAN DE TAWI-TAWI),TAWI-TAWI,BARMM,30038,2.2,0
SIMUNUL,TAWI-TAWI,BARMM,34245,-0.09,0
SITANGKAI,TAWI-TAWI,BARMM,37319,2.03,0
SOUTH UBIAN,TAWI-TAWI,BARMM,29583,0.64,0
TANDUBAS,TAWI-TAWI,BARMM,34316,2.15,0
TURTLE ISLANDS,TAWI-TAWI,BARMM,5683,4.18,0
LANGUYAN,TAWI-TAWI,BARMM,37096,-1.39,0
SAPA-SAPA,TAWI-TAWI,BARMM,33580,1.55,0
SIBUTU,TAWI-TAWI,BARMM,34243,1.84,0
BUENAVISTA,AGUSAN DEL NORTE,REGION XIII (Caraga),68892,2.07,0
CITY OF CABADBARAN,AGUSAN DEL NORTE,REGION XIII (Caraga),80354,1.5,0
CARMEN,AGUSAN DEL NORTE,REGION XIII (Caraga),23172,1.59,0
JABONGA,AGUSAN DEL NORTE,REGION XIII (Caraga),24855,0.42,0
KITCHARAO,AGUSAN DEL NORTE,REGION XIII (Caraga),21278,2.04,0
LAS NIEVES,AGUSAN DEL NORTE,REGION XIII (Caraga),30240,1.19,0
MAGALLANES,AGUSAN DEL NORTE,REGION XIII (Caraga),22293,0.37,0
NASIPIT,AGUSAN DEL NORTE,REGION XIII (Caraga),44822,0.98,0
SANTIAGO,AGUSAN DEL NORTE,REGION XIII (Caraga),28657,3.18,0
TUBAY,AGUSAN DEL NORTE,REGION XIII (Caraga),25785,2.36,0
REMEDIOS T. ROMUALDEZ,AGUSAN DEL NORTE,REGION XIII (Caraga),17155,0.87,0
CITY OF BUTUAN (Capital),NA ,REGION XIII (Caraga),372910,1.87,0
CITY OF BAYUGAN,AGUSAN DEL SUR,REGION XIII (Caraga),109499,0.98,0
BUNAWAN,AGUSAN DEL SUR,REGION XIII (Caraga),47512,2.4,0
ESPERANZA,AGUSAN DEL SUR,REGION XIII (Caraga),59353,1.35,0
LA PAZ,AGUSAN DEL SUR,REGION XIII (Caraga),30969,0.81,0
LORETO,AGUSAN DEL SUR,REGION XIII (Caraga),43880,1.06,0
PROSPERIDAD (Capital),AGUSAN DEL SUR,REGION XIII (Caraga),88321,1.43,0
ROSARIO,AGUSAN DEL SUR,REGION XIII (Caraga),49610,2.62,0
SAN FRANCISCO,AGUSAN DEL SUR,REGION XIII (Caraga),80760,1.3,0
SAN LUIS,AGUSAN DEL SUR,REGION XIII (Caraga),35196,0.73,0
SANTA JOSEFA,AGUSAN DEL SUR,REGION XIII (Caraga),26432,0.5,0
TALACOGON,AGUSAN DEL SUR,REGION XIII (Caraga),39678,0.64,0
TRENTO,AGUSAN DEL SUR,REGION XIII (Caraga),54492,1.45,0
VERUELA,AGUSAN DEL SUR,REGION XIII (Caraga),39708,-0.19,0
SIBAGAT,AGUSAN DEL SUR,REGION XIII (Caraga),33957,0.92,0
BASILISA (RIZAL),DINAGAT ISLANDS,REGION XIII (Caraga),36911,0.86,0
CAGDIANAO,DINAGAT ISLANDS,REGION XIII (Caraga),18350,2,0
DINAGAT,DINAGAT ISLANDS,REGION XIII (Caraga),10621,-1.84,0
LIBJO (ALBOR),DINAGAT ISLANDS,REGION XIII (Caraga),18051,0.27,0
LORETO,DINAGAT ISLANDS,REGION XIII (Caraga),9690,0.83,0
SAN JOSE (Capital),DINAGAT ISLANDS,REGION XIII (Caraga),26375,-1.61,0
TUBAJON,DINAGAT ISLANDS,REGION XIII (Caraga),8119,0.7,0
ALEGRIA,SURIGAO DEL NORTE,REGION XIII (Caraga),16184,1.08,0
BACUAG,SURIGAO DEL NORTE,REGION XIII (Caraga),14881,1.2,0
BURGOS,SURIGAO DEL NORTE,REGION XIII (Caraga),4185,0.31,0
CLAVER,SURIGAO DEL NORTE,REGION XIII (Caraga),36033,4.27,0
DAPA,SURIGAO DEL NORTE,REGION XIII (Caraga),29006,2.13,0
DEL CARMEN,SURIGAO DEL NORTE,REGION XIII (Caraga),20127,1.62,0
GENERAL LUNA,SURIGAO DEL NORTE,REGION XIII (Caraga),22853,4.29,0
GIGAQUIT,SURIGAO DEL NORTE,REGION XIII (Caraga),21849,1.52,0
MAINIT,SURIGAO DEL NORTE,REGION XIII (Caraga),28019,0.91,0
MALIMONO,SURIGAO DEL NORTE,REGION XIII (Caraga),18852,0.29,0
PILAR,SURIGAO DEL NORTE,REGION XIII (Caraga),10374,0.93,0
PLACER,SURIGAO DEL NORTE,REGION XIII (Caraga),29616,1.87,0
SAN BENITO,SURIGAO DEL NORTE,REGION XIII (Caraga),5663,0.28,0
SAN FRANCISCO (ANAO-AON),SURIGAO DEL NORTE,REGION XIII (Caraga),15347,1.41,0
SAN ISIDRO,SURIGAO DEL NORTE,REGION XIII (Caraga),8519,2.02,0
SANTA MONICA (SAPAO),SURIGAO DEL NORTE,REGION XIII (Caraga),9423,0.78,0
SISON,SURIGAO DEL NORTE,REGION XIII (Caraga),14290,2.3,0
SOCORRO,SURIGAO DEL NORTE,REGION XIII (Caraga),25942,2.48,0
CITY OF SURIGAO (Capital),SURIGAO DEL NORTE,REGION XIII (Caraga),171107,1.99,0
TAGANA-AN,SURIGAO DEL NORTE,REGION XIII (Caraga),17323,1.2,0
TUBOD,SURIGAO DEL NORTE,REGION XIII (Caraga),15043,1.81,0
BAROBO,SURIGAO DEL SUR,REGION XIII (Caraga),53146,1.98,0
BAYABAS,SURIGAO DEL SUR,REGION XIII (Caraga),8979,1.44,0
CITY OF BISLIG,SURIGAO DEL SUR,REGION XIII (Caraga),99290,0.28,0
CAGWAIT,SURIGAO DEL SUR,REGION XIII (Caraga),21747,1.41,0
CANTILAN,SURIGAO DEL SUR,REGION XIII (Caraga),34060,1.2,0
CARMEN,SURIGAO DEL SUR,REGION XIII (Caraga),11720,1.31,0
CARRASCAL,SURIGAO DEL SUR,REGION XIII (Caraga),24586,4.05,0
CORTES,SURIGAO DEL SUR,REGION XIII (Caraga),17924,1.44,0
HINATUAN,SURIGAO DEL SUR,REGION XIII (Caraga),43841,1.25,0
LANUZA,SURIGAO DEL SUR,REGION XIII (Caraga),13642,1.41,0
LIANGA,SURIGAO DEL SUR,REGION XIII (Caraga),33869,1.6,0
LINGIG,SURIGAO DEL SUR,REGION XIII (Caraga),35142,1.09,0
MADRID,SURIGAO DEL SUR,REGION XIII (Caraga),16653,1.13,0
MARIHATAG,SURIGAO DEL SUR,REGION XIII (Caraga),19441,0.81,0
SAN AGUSTIN,SURIGAO DEL SUR,REGION XIII (Caraga),22855,1.02,0
SAN MIGUEL,SURIGAO DEL SUR,REGION XIII (Caraga),41809,1.43,0
TAGBINA,SURIGAO DEL SUR,REGION XIII (Caraga),41051,1.66,0
TAGO,SURIGAO DEL SUR,REGION XIII (Caraga),39831,1.6,0
CITY OF TANDAG (Capital),SURIGAO DEL SUR,REGION XIII (Caraga),62669,1.86,0
